date,path,cluster,tsne_x,tsne_y
20210119,C:\junha\Datasets\LTDv2\frames\frames\20210119\clip_0_0000\image_0000.jpg,0,5.957599,-35.80309
20210119,C:\junha\Datasets\LTDv2\frames\frames\20210119\clip_0_0000\image_0001.jpg,0,3.3266537,-44.221462
20210119,C:\junha\Datasets\LTDv2\frames\frames\20210119\clip_0_0000\image_0002.jpg,0,6.127537,-50.641033
20210119,C:\junha\Datasets\LTDv2\frames\frames\20210119\clip_0_0000\image_0003.jpg,0,5.6840096,-50.555008
20210119,C:\junha\Datasets\LTDv2\frames\frames\20210119\clip_0_0000\image_0004.jpg,0,12.899621,-48.937874
20210119,C:\junha\Datasets\LTDv2\frames\frames\20210119\clip_0_0000\image_0005.jpg,0,12.524183,-49.07573
20210119,C:\junha\Datasets\LTDv2\frames\frames\20210119\clip_0_0000\image_0006.jpg,0,8.134134,-32.701584
20210119,C:\junha\Datasets\LTDv2\frames\frames\20210119\clip_0_0000\image_0007.jpg,0,7.964053,-32.724403
20210119,C:\junha\Datasets\LTDv2\frames\frames\20210119\clip_0_0000\image_0008.jpg,0,8.7150345,-33.007282
20210119,C:\junha\Datasets\LTDv2\frames\frames\20210119\clip_0_0000\image_0009.jpg,0,5.35682,-36.53696
20210119,C:\junha\Datasets\LTDv2\frames\frames\20210119\clip_0_0000\image_0010.jpg,0,9.223035,-35.908504
20210119,C:\junha\Datasets\LTDv2\frames\frames\20210119\clip_0_0000\image_0011.jpg,0,8.690446,-36.179123
20210119,C:\junha\Datasets\LTDv2\frames\frames\20210119\clip_0_0000\image_0012.jpg,0,7.8779554,-50.54586
20210119,C:\junha\Datasets\LTDv2\frames\frames\20210119\clip_0_0000\image_0013.jpg,0,7.712624,-50.316826
20210119,C:\junha\Datasets\LTDv2\frames\frames\20210119\clip_0_0000\image_0014.jpg,0,7.39618,-36.05117
20210119,C:\junha\Datasets\LTDv2\frames\frames\20210119\clip_0_0000\image_0015.jpg,0,7.476951,-35.16665
20210119,C:\junha\Datasets\LTDv2\frames\frames\20210119\clip_0_0000\image_0016.jpg,0,3.401441,-37.618607
20210119,C:\junha\Datasets\LTDv2\frames\frames\20210119\clip_0_0000\image_0017.jpg,0,3.4224517,-37.6724
20210119,C:\junha\Datasets\LTDv2\frames\frames\20210119\clip_0_0000\image_0018.jpg,0,5.095875,-46.626396
20210119,C:\junha\Datasets\LTDv2\frames\frames\20210119\clip_0_0000\image_0019.jpg,0,4.981369,-47.460194
20210119,C:\junha\Datasets\LTDv2\frames\frames\20210119\clip_0_0000\image_0020.jpg,0,7.224806,-47.528217
20210119,C:\junha\Datasets\LTDv2\frames\frames\20210119\clip_0_0000\image_0021.jpg,0,7.504381,-47.89781
20210119,C:\junha\Datasets\LTDv2\frames\frames\20210119\clip_0_0000\image_0022.jpg,0,6.7707367,-49.034367
20210119,C:\junha\Datasets\LTDv2\frames\frames\20210119\clip_0_0000\image_0023.jpg,0,6.432723,-49.33379
20210119,C:\junha\Datasets\LTDv2\frames\frames\20210119\clip_0_0000\image_0024.jpg,0,10.179858,-34.694733
20210119,C:\junha\Datasets\LTDv2\frames\frames\20210119\clip_0_0000\image_0025.jpg,0,9.509727,-34.61621
20210119,C:\junha\Datasets\LTDv2\frames\frames\20210119\clip_0_0000\image_0026.jpg,0,10.440336,-38.739273
20210119,C:\junha\Datasets\LTDv2\frames\frames\20210119\clip_0_0000\image_0027.jpg,0,10.383426,-39.02101
20210119,C:\junha\Datasets\LTDv2\frames\frames\20210119\clip_0_0000\image_0028.jpg,0,9.254886,-40.125957
20210119,C:\junha\Datasets\LTDv2\frames\frames\20210119\clip_0_0000\image_0029.jpg,0,1.7802718,-42.52553
20210119,C:\junha\Datasets\LTDv2\frames\frames\20210119\clip_0_0000\image_0030.jpg,0,1.8912768,-38.667362
20210119,C:\junha\Datasets\LTDv2\frames\frames\20210119\clip_0_0000\image_0031.jpg,0,1.4575992,-39.35121
20210119,C:\junha\Datasets\LTDv2\frames\frames\20210119\clip_0_0000\image_0032.jpg,0,1.935773,-36.658283
20210119,C:\junha\Datasets\LTDv2\frames\frames\20210119\clip_0_0000\image_0033.jpg,0,2.1886883,-36.36408
20210119,C:\junha\Datasets\LTDv2\frames\frames\20210119\clip_0_0000\image_0034.jpg,0,12.910797,-47.09627
20210119,C:\junha\Datasets\LTDv2\frames\frames\20210119\clip_0_0000\image_0035.jpg,0,12.927365,-47.019356
20210119,C:\junha\Datasets\LTDv2\frames\frames\20210119\clip_0_0000\image_0036.jpg,0,11.771534,-47.027767
20210119,C:\junha\Datasets\LTDv2\frames\frames\20210119\clip_0_0000\image_0037.jpg,0,11.753229,-47.086315
20210119,C:\junha\Datasets\LTDv2\frames\frames\20210119\clip_0_0000\image_0038.jpg,0,10.526589,-47.208637
20210119,C:\junha\Datasets\LTDv2\frames\frames\20210119\clip_0_0000\image_0039.jpg,0,8.722717,-31.05277
20210119,C:\junha\Datasets\LTDv2\frames\frames\20210119\clip_0_0000\image_0040.jpg,0,4.770312,-35.382298
20210119,C:\junha\Datasets\LTDv2\frames\frames\20210119\clip_0_0000\image_0041.jpg,0,4.471696,-35.180317
20210119,C:\junha\Datasets\LTDv2\frames\frames\20210119\clip_0_0000\image_0042.jpg,0,5.1266465,-33.8584
20210119,C:\junha\Datasets\LTDv2\frames\frames\20210119\clip_0_0000\image_0043.jpg,0,5.518215,-33.776066
20210119,C:\junha\Datasets\LTDv2\frames\frames\20210119\clip_0_0000\image_0044.jpg,0,10.724663,-29.72759
20210119,C:\junha\Datasets\LTDv2\frames\frames\20210119\clip_0_0000\image_0045.jpg,0,10.831851,-30.198853
20210119,C:\junha\Datasets\LTDv2\frames\frames\20210119\clip_0_0000\image_0046.jpg,0,9.576323,-29.442114
20210119,C:\junha\Datasets\LTDv2\frames\frames\20210119\clip_0_0000\image_0047.jpg,0,9.607294,-29.080557
20210119,C:\junha\Datasets\LTDv2\frames\frames\20210119\clip_0_0000\image_0048.jpg,0,8.324198,-34.445534
20210119,C:\junha\Datasets\LTDv2\frames\frames\20210119\clip_0_0000\image_0049.jpg,0,7.642505,-39.36787
20210119,C:\junha\Datasets\LTDv2\frames\frames\20210119\clip_0_0000\image_0050.jpg,0,7.137683,-37.86946
20210119,C:\junha\Datasets\LTDv2\frames\frames\20210119\clip_0_0000\image_0051.jpg,0,7.4645777,-38.188946
20210119,C:\junha\Datasets\LTDv2\frames\frames\20210119\clip_0_0000\image_0052.jpg,0,12.48323,-37.919353
20210119,C:\junha\Datasets\LTDv2\frames\frames\20210119\clip_0_0000\image_0053.jpg,0,12.219271,-37.296776
20210119,C:\junha\Datasets\LTDv2\frames\frames\20210119\clip_0_0000\image_0054.jpg,0,11.759527,-35.5192
20210119,C:\junha\Datasets\LTDv2\frames\frames\20210119\clip_0_0000\image_0055.jpg,0,11.761027,-34.552265
20210119,C:\junha\Datasets\LTDv2\frames\frames\20210119\clip_0_0000\image_0056.jpg,0,12.34326,-42.759377
20210119,C:\junha\Datasets\LTDv2\frames\frames\20210119\clip_0_0000\image_0057.jpg,0,12.446357,-42.66738
20210119,C:\junha\Datasets\LTDv2\frames\frames\20210119\clip_0_0000\image_0058.jpg,0,11.453028,-41.47067
20210119,C:\junha\Datasets\LTDv2\frames\frames\20210119\clip_0_0000\image_0059.jpg,0,8.517033,-37.876354
20210119,C:\junha\Datasets\LTDv2\frames\frames\20210119\clip_0_0000\image_0060.jpg,0,14.143455,-35.20369
20210119,C:\junha\Datasets\LTDv2\frames\frames\20210119\clip_0_0000\image_0061.jpg,0,13.717154,-30.925869
20210119,C:\junha\Datasets\LTDv2\frames\frames\20210119\clip_0_0000\image_0062.jpg,0,12.377019,-33.054554
20210119,C:\junha\Datasets\LTDv2\frames\frames\20210119\clip_0_0000\image_0063.jpg,0,11.866913,-33.108627
20210119,C:\junha\Datasets\LTDv2\frames\frames\20210119\clip_0_0000\image_0064.jpg,0,13.245979,-34.30913
20210119,C:\junha\Datasets\LTDv2\frames\frames\20210119\clip_0_0000\image_0065.jpg,0,12.992965,-31.601446
20210119,C:\junha\Datasets\LTDv2\frames\frames\20210119\clip_0_0000\image_0066.jpg,0,13.803226,-39.67038
20210119,C:\junha\Datasets\LTDv2\frames\frames\20210119\clip_0_0000\image_0067.jpg,0,13.854534,-40.479195
20210119,C:\junha\Datasets\LTDv2\frames\frames\20210119\clip_0_0000\image_0068.jpg,0,13.693053,-42.10837
20210119,C:\junha\Datasets\LTDv2\frames\frames\20210119\clip_0_0000\image_0069.jpg,0,1.7765187,-47.878166
20210119,C:\junha\Datasets\LTDv2\frames\frames\20210119\clip_0_0000\image_0070.jpg,0,13.427199,-44.33115
20210119,C:\junha\Datasets\LTDv2\frames\frames\20210119\clip_0_0000\image_0071.jpg,0,13.451099,-45.087135
20210119,C:\junha\Datasets\LTDv2\frames\frames\20210119\clip_0_0000\image_0072.jpg,0,6.979497,-51.732533
20210119,C:\junha\Datasets\LTDv2\frames\frames\20210119\clip_0_0000\image_0073.jpg,0,5.217533,-49.09335
20210119,C:\junha\Datasets\LTDv2\frames\frames\20210119\clip_0_0000\image_0074.jpg,0,12.594109,-40.769684
20210119,C:\junha\Datasets\LTDv2\frames\frames\20210119\clip_0_0000\image_0075.jpg,0,12.511417,-40.91848
20210119,C:\junha\Datasets\LTDv2\frames\frames\20210119\clip_0_0000\image_0076.jpg,0,10.162288,-43.006157
20210119,C:\junha\Datasets\LTDv2\frames\frames\20210119\clip_0_0000\image_0077.jpg,0,10.205621,-42.860226
20210119,C:\junha\Datasets\LTDv2\frames\frames\20210119\clip_0_0000\image_0078.jpg,0,10.119413,-37.878265
20210119,C:\junha\Datasets\LTDv2\frames\frames\20210119\clip_0_0000\image_0079.jpg,0,8.901277,-49.414726
20210119,C:\junha\Datasets\LTDv2\frames\frames\20210119\clip_0_0000\image_0080.jpg,0,7.994081,-52.93146
20210119,C:\junha\Datasets\LTDv2\frames\frames\20210119\clip_0_0000\image_0081.jpg,0,8.870654,-52.511917
20210119,C:\junha\Datasets\LTDv2\frames\frames\20210119\clip_0_0000\image_0082.jpg,0,8.240849,-52.2038
20210119,C:\junha\Datasets\LTDv2\frames\frames\20210119\clip_0_0000\image_0083.jpg,0,9.773598,-50.74166
20210119,C:\junha\Datasets\LTDv2\frames\frames\20210119\clip_0_0000\image_0084.jpg,0,10.249199,-49.568752
20210119,C:\junha\Datasets\LTDv2\frames\frames\20210119\clip_0_0000\image_0085.jpg,0,10.769486,-49.490887
20210119,C:\junha\Datasets\LTDv2\frames\frames\20210119\clip_0_0000\image_0086.jpg,0,9.4628105,-48.06421
20210119,C:\junha\Datasets\LTDv2\frames\frames\20210119\clip_0_0000\image_0087.jpg,0,9.70119,-48.149654
20210119,C:\junha\Datasets\LTDv2\frames\frames\20210119\clip_0_0000\image_0088.jpg,0,6.4981422,-43.58296
20210119,C:\junha\Datasets\LTDv2\frames\frames\20210119\clip_0_0000\image_0089.jpg,0,10.077436,-51.491295
20210119,C:\junha\Datasets\LTDv2\frames\frames\20210119\clip_0_0000\image_0090.jpg,0,9.1588,-45.628407
20210119,C:\junha\Datasets\LTDv2\frames\frames\20210119\clip_0_0000\image_0091.jpg,0,9.061123,-45.239464
20210119,C:\junha\Datasets\LTDv2\frames\frames\20210119\clip_0_0000\image_0092.jpg,0,10.655171,-32.688675
20210119,C:\junha\Datasets\LTDv2\frames\frames\20210119\clip_0_0000\image_0093.jpg,0,10.598445,-32.299305
20210119,C:\junha\Datasets\LTDv2\frames\frames\20210119\clip_0_0000\image_0094.jpg,0,8.195218,-46.021286
20210119,C:\junha\Datasets\LTDv2\frames\frames\20210119\clip_0_0000\image_0095.jpg,0,10.328411,-33.371624
20210119,C:\junha\Datasets\LTDv2\frames\frames\20210119\clip_0_0000\image_0096.jpg,0,5.888963,-44.97152
20210119,C:\junha\Datasets\LTDv2\frames\frames\20210119\clip_0_0000\image_0097.jpg,0,6.1857824,-44.96481
20210119,C:\junha\Datasets\LTDv2\frames\frames\20210119\clip_0_0000\image_0098.jpg,0,4.7588577,-41.785465
20210119,C:\junha\Datasets\LTDv2\frames\frames\20210119\clip_0_0000\image_0099.jpg,0,8.8635435,-42.847435
20210119,C:\junha\Datasets\LTDv2\frames\frames\20210119\clip_0_0000\image_0100.jpg,0,5.830261,-41.1144
20210119,C:\junha\Datasets\LTDv2\frames\frames\20210119\clip_0_0000\image_0101.jpg,0,6.0247626,-41.152714
20210119,C:\junha\Datasets\LTDv2\frames\frames\20210119\clip_0_0000\image_0102.jpg,0,4.300883,-51.13913
20210119,C:\junha\Datasets\LTDv2\frames\frames\20210119\clip_0_0000\image_0103.jpg,0,4.3121223,-50.7237
20210119,C:\junha\Datasets\LTDv2\frames\frames\20210119\clip_0_0000\image_0104.jpg,0,3.1199393,-47.698196
20210119,C:\junha\Datasets\LTDv2\frames\frames\20210119\clip_0_0000\image_0105.jpg,0,2.6438408,-47.66028
20210119,C:\junha\Datasets\LTDv2\frames\frames\20210119\clip_0_0000\image_0106.jpg,0,2.4948306,-46.591496
20210119,C:\junha\Datasets\LTDv2\frames\frames\20210119\clip_0_0000\image_0107.jpg,0,2.6089845,-46.475456
20210119,C:\junha\Datasets\LTDv2\frames\frames\20210119\clip_0_0000\image_0108.jpg,0,6.6740837,-31.643606
20210119,C:\junha\Datasets\LTDv2\frames\frames\20210119\clip_0_0000\image_0109.jpg,0,3.6947756,-45.756615
20210119,C:\junha\Datasets\LTDv2\frames\frames\20210119\clip_0_0000\image_0110.jpg,0,5.2011595,-48.485615
20210119,C:\junha\Datasets\LTDv2\frames\frames\20210119\clip_0_0000\image_0111.jpg,0,5.566587,-39.205555
20210119,C:\junha\Datasets\LTDv2\frames\frames\20210119\clip_0_0000\image_0112.jpg,0,5.797665,-38.104324
20210119,C:\junha\Datasets\LTDv2\frames\frames\20210119\clip_0_0000\image_0113.jpg,0,6.0072117,-47.222153
20210119,C:\junha\Datasets\LTDv2\frames\frames\20210119\clip_0_0000\image_0114.jpg,0,10.913878,-45.103416
20210119,C:\junha\Datasets\LTDv2\frames\frames\20210119\clip_0_0000\image_0115.jpg,0,11.0950775,-44.983284
20210119,C:\junha\Datasets\LTDv2\frames\frames\20210119\clip_0_0000\image_0116.jpg,0,8.506175,-44.057854
20210119,C:\junha\Datasets\LTDv2\frames\frames\20210119\clip_0_0000\image_0117.jpg,0,8.412274,-43.651585
20210119,C:\junha\Datasets\LTDv2\frames\frames\20210119\clip_0_0000\image_0118.jpg,0,14.473655,-41.718246
20210119,C:\junha\Datasets\LTDv2\frames\frames\20210119\clip_0_0000\image_0119.jpg,0,15.261758,-42.60179
20210119,C:\junha\Datasets\LTDv2\frames\frames\20210119\clip_1_0028\image_0000.jpg,0,35.022755,-12.806226
20210119,C:\junha\Datasets\LTDv2\frames\frames\20210119\clip_1_0028\image_0001.jpg,0,43.56019,-7.3264894
20210119,C:\junha\Datasets\LTDv2\frames\frames\20210119\clip_1_0028\image_0002.jpg,0,44.414806,-7.645442
20210119,C:\junha\Datasets\LTDv2\frames\frames\20210119\clip_1_0028\image_0003.jpg,0,40.08573,-15.6594925
20210119,C:\junha\Datasets\LTDv2\frames\frames\20210119\clip_1_0028\image_0004.jpg,0,39.80097,-15.692689
20210119,C:\junha\Datasets\LTDv2\frames\frames\20210119\clip_1_0028\image_0005.jpg,0,37.32932,-17.356607
20210119,C:\junha\Datasets\LTDv2\frames\frames\20210119\clip_1_0028\image_0006.jpg,0,36.435116,-17.190071
20210119,C:\junha\Datasets\LTDv2\frames\frames\20210119\clip_1_0028\image_0007.jpg,0,47.19384,-6.254828
20210119,C:\junha\Datasets\LTDv2\frames\frames\20210119\clip_1_0028\image_0008.jpg,0,47.346985,-6.344793
20210119,C:\junha\Datasets\LTDv2\frames\frames\20210119\clip_1_0028\image_0009.jpg,0,35.77784,-11.005985
20210119,C:\junha\Datasets\LTDv2\frames\frames\20210119\clip_1_0028\image_0010.jpg,0,36.114815,-10.779246
20210119,C:\junha\Datasets\LTDv2\frames\frames\20210119\clip_1_0028\image_0011.jpg,0,36.098705,-15.98351
20210119,C:\junha\Datasets\LTDv2\frames\frames\20210119\clip_1_0028\image_0012.jpg,0,35.987602,-15.91907
20210119,C:\junha\Datasets\LTDv2\frames\frames\20210119\clip_1_0028\image_0013.jpg,0,41.408554,-6.8141227
20210119,C:\junha\Datasets\LTDv2\frames\frames\20210119\clip_1_0028\image_0014.jpg,0,42.140354,-6.9166903
20210119,C:\junha\Datasets\LTDv2\frames\frames\20210119\clip_1_0028\image_0015.jpg,0,44.3722,-6.0161033
20210119,C:\junha\Datasets\LTDv2\frames\frames\20210119\clip_1_0028\image_0016.jpg,0,44.386707,-5.939048
20210119,C:\junha\Datasets\LTDv2\frames\frames\20210119\clip_1_0028\image_0017.jpg,0,32.306976,-7.4440246
20210119,C:\junha\Datasets\LTDv2\frames\frames\20210119\clip_1_0028\image_0018.jpg,0,32.238064,-7.380269
20210119,C:\junha\Datasets\LTDv2\frames\frames\20210119\clip_1_0028\image_0019.jpg,0,34.542225,-10.442797
20210119,C:\junha\Datasets\LTDv2\frames\frames\20210119\clip_1_0028\image_0020.jpg,0,34.310886,-10.186667
20210119,C:\junha\Datasets\LTDv2\frames\frames\20210119\clip_1_0028\image_0021.jpg,0,32.697292,-10.58861
20210119,C:\junha\Datasets\LTDv2\frames\frames\20210119\clip_1_0028\image_0022.jpg,0,32.68702,-10.540523
20210119,C:\junha\Datasets\LTDv2\frames\frames\20210119\clip_1_0028\image_0023.jpg,0,46.23672,-15.208453
20210119,C:\junha\Datasets\LTDv2\frames\frames\20210119\clip_1_0028\image_0024.jpg,0,46.7397,-15.053743
20210119,C:\junha\Datasets\LTDv2\frames\frames\20210119\clip_1_0028\image_0025.jpg,0,49.255135,-15.071802
20210119,C:\junha\Datasets\LTDv2\frames\frames\20210119\clip_1_0028\image_0026.jpg,0,49.27225,-15.402275
20210119,C:\junha\Datasets\LTDv2\frames\frames\20210119\clip_1_0028\image_0027.jpg,0,47.879833,-14.329537
20210119,C:\junha\Datasets\LTDv2\frames\frames\20210119\clip_1_0028\image_0028.jpg,0,48.39025,-14.577334
20210119,C:\junha\Datasets\LTDv2\frames\frames\20210119\clip_1_0028\image_0029.jpg,0,50.99408,-12.38501
20210119,C:\junha\Datasets\LTDv2\frames\frames\20210119\clip_1_0028\image_0030.jpg,0,50.873985,-12.241115
20210119,C:\junha\Datasets\LTDv2\frames\frames\20210119\clip_1_0028\image_0031.jpg,0,49.11955,-11.639762
20210119,C:\junha\Datasets\LTDv2\frames\frames\20210119\clip_1_0028\image_0032.jpg,0,48.42461,-10.612605
20210119,C:\junha\Datasets\LTDv2\frames\frames\20210119\clip_1_0028\image_0033.jpg,0,39.96746,-12.16116
20210119,C:\junha\Datasets\LTDv2\frames\frames\20210119\clip_1_0028\image_0034.jpg,0,40.46766,-12.085577
20210119,C:\junha\Datasets\LTDv2\frames\frames\20210119\clip_1_0028\image_0035.jpg,0,43.98467,-11.940225
20210119,C:\junha\Datasets\LTDv2\frames\frames\20210119\clip_1_0028\image_0036.jpg,0,43.819878,-11.924747
20210119,C:\junha\Datasets\LTDv2\frames\frames\20210119\clip_1_0028\image_0037.jpg,0,35.344593,-5.7369685
20210119,C:\junha\Datasets\LTDv2\frames\frames\20210119\clip_1_0028\image_0038.jpg,0,35.272068,-5.813649
20210119,C:\junha\Datasets\LTDv2\frames\frames\20210119\clip_1_0028\image_0039.jpg,0,39.528812,-1.2889215
20210119,C:\junha\Datasets\LTDv2\frames\frames\20210119\clip_1_0028\image_0040.jpg,0,39.438816,-1.4706576
20210119,C:\junha\Datasets\LTDv2\frames\frames\20210119\clip_1_0028\image_0041.jpg,0,36.659092,-2.8867626
20210119,C:\junha\Datasets\LTDv2\frames\frames\20210119\clip_1_0028\image_0042.jpg,0,36.56279,-2.920547
20210119,C:\junha\Datasets\LTDv2\frames\frames\20210119\clip_1_0028\image_0043.jpg,0,37.418777,-5.1830277
20210119,C:\junha\Datasets\LTDv2\frames\frames\20210119\clip_1_0028\image_0044.jpg,0,37.374733,-5.1803994
20210119,C:\junha\Datasets\LTDv2\frames\frames\20210119\clip_1_0028\image_0045.jpg,0,39.939865,-4.45247
20210119,C:\junha\Datasets\LTDv2\frames\frames\20210119\clip_1_0028\image_0046.jpg,0,39.911663,-4.2421513
20210119,C:\junha\Datasets\LTDv2\frames\frames\20210119\clip_1_0028\image_0047.jpg,0,39.671,-5.8625937
20210119,C:\junha\Datasets\LTDv2\frames\frames\20210119\clip_1_0028\image_0048.jpg,0,39.682297,-5.7991295
20210119,C:\junha\Datasets\LTDv2\frames\frames\20210119\clip_1_0028\image_0049.jpg,0,34.813972,-18.315655
20210119,C:\junha\Datasets\LTDv2\frames\frames\20210119\clip_1_0028\image_0050.jpg,0,34.777885,-18.441189
20210119,C:\junha\Datasets\LTDv2\frames\frames\20210119\clip_1_0028\image_0051.jpg,0,38.10173,-13.855776
20210119,C:\junha\Datasets\LTDv2\frames\frames\20210119\clip_1_0028\image_0052.jpg,0,38.408382,-13.914506
20210119,C:\junha\Datasets\LTDv2\frames\frames\20210119\clip_1_0028\image_0053.jpg,0,38.61126,-11.810562
20210119,C:\junha\Datasets\LTDv2\frames\frames\20210119\clip_1_0028\image_0054.jpg,0,38.501,-12.03011
20210119,C:\junha\Datasets\LTDv2\frames\frames\20210119\clip_1_0028\image_0055.jpg,0,52.198505,-14.14422
20210119,C:\junha\Datasets\LTDv2\frames\frames\20210119\clip_1_0028\image_0056.jpg,0,52.207367,-14.269392
20210119,C:\junha\Datasets\LTDv2\frames\frames\20210119\clip_1_0028\image_0057.jpg,0,41.49288,-10.9941225
20210119,C:\junha\Datasets\LTDv2\frames\frames\20210119\clip_1_0028\image_0058.jpg,0,41.783886,-11.019477
20210119,C:\junha\Datasets\LTDv2\frames\frames\20210119\clip_1_0028\image_0059.jpg,0,39.459896,-17.462086
20210119,C:\junha\Datasets\LTDv2\frames\frames\20210119\clip_1_0028\image_0060.jpg,0,39.612854,-17.416319
20210119,C:\junha\Datasets\LTDv2\frames\frames\20210119\clip_1_0028\image_0061.jpg,0,36.70012,-13.5597105
20210119,C:\junha\Datasets\LTDv2\frames\frames\20210119\clip_1_0028\image_0062.jpg,0,36.943974,-13.031417
20210119,C:\junha\Datasets\LTDv2\frames\frames\20210119\clip_1_0028\image_0063.jpg,0,42.211624,-13.2746315
20210119,C:\junha\Datasets\LTDv2\frames\frames\20210119\clip_1_0028\image_0064.jpg,0,42.234455,-13.134196
20210119,C:\junha\Datasets\LTDv2\frames\frames\20210119\clip_1_0028\image_0065.jpg,0,42.53921,-4.0102606
20210119,C:\junha\Datasets\LTDv2\frames\frames\20210119\clip_1_0028\image_0066.jpg,0,42.700626,-3.8657417
20210119,C:\junha\Datasets\LTDv2\frames\frames\20210119\clip_1_0028\image_0067.jpg,0,44.66172,-3.5371368
20210119,C:\junha\Datasets\LTDv2\frames\frames\20210119\clip_1_0028\image_0068.jpg,0,44.604897,-3.57212
20210119,C:\junha\Datasets\LTDv2\frames\frames\20210119\clip_1_0028\image_0069.jpg,0,39.697197,-10.498229
20210119,C:\junha\Datasets\LTDv2\frames\frames\20210119\clip_1_0028\image_0070.jpg,0,39.941143,-10.113003
20210119,C:\junha\Datasets\LTDv2\frames\frames\20210119\clip_1_0028\image_0071.jpg,0,50.968575,-7.1080513
20210119,C:\junha\Datasets\LTDv2\frames\frames\20210119\clip_1_0028\image_0072.jpg,0,51.65511,-7.7900443
20210119,C:\junha\Datasets\LTDv2\frames\frames\20210119\clip_1_0028\image_0073.jpg,0,50.245872,-8.478193
20210119,C:\junha\Datasets\LTDv2\frames\frames\20210119\clip_1_0028\image_0074.jpg,0,50.458736,-8.949585
20210119,C:\junha\Datasets\LTDv2\frames\frames\20210119\clip_1_0028\image_0075.jpg,0,50.688156,-10.389158
20210119,C:\junha\Datasets\LTDv2\frames\frames\20210119\clip_1_0028\image_0076.jpg,0,50.8831,-10.3720665
20210119,C:\junha\Datasets\LTDv2\frames\frames\20210119\clip_1_0028\image_0077.jpg,0,49.33304,-6.192253
20210119,C:\junha\Datasets\LTDv2\frames\frames\20210119\clip_1_0028\image_0078.jpg,0,49.119087,-6.076487
20210119,C:\junha\Datasets\LTDv2\frames\frames\20210119\clip_1_0028\image_0079.jpg,0,35.945793,-14.547815
20210119,C:\junha\Datasets\LTDv2\frames\frames\20210119\clip_1_0028\image_0080.jpg,0,36.46302,-14.850408
20210119,C:\junha\Datasets\LTDv2\frames\frames\20210119\clip_1_0028\image_0081.jpg,0,37.96634,-15.281398
20210119,C:\junha\Datasets\LTDv2\frames\frames\20210119\clip_1_0028\image_0082.jpg,0,44.84835,-9.329006
20210119,C:\junha\Datasets\LTDv2\frames\frames\20210119\clip_1_0028\image_0083.jpg,0,47.047165,-12.461664
20210119,C:\junha\Datasets\LTDv2\frames\frames\20210119\clip_1_0028\image_0084.jpg,0,46.801746,-12.480905
20210119,C:\junha\Datasets\LTDv2\frames\frames\20210119\clip_1_0028\image_0085.jpg,0,45.798637,-13.182944
20210119,C:\junha\Datasets\LTDv2\frames\frames\20210119\clip_1_0028\image_0086.jpg,0,45.861084,-13.581435
20210119,C:\junha\Datasets\LTDv2\frames\frames\20210119\clip_1_0028\image_0087.jpg,0,44.14555,-14.096034
20210119,C:\junha\Datasets\LTDv2\frames\frames\20210119\clip_1_0028\image_0088.jpg,0,44.365417,-14.104002
20210119,C:\junha\Datasets\LTDv2\frames\frames\20210119\clip_1_0028\image_0089.jpg,0,49.17689,-8.761041
20210119,C:\junha\Datasets\LTDv2\frames\frames\20210119\clip_1_0028\image_0090.jpg,0,43.22118,-10.161503
20210119,C:\junha\Datasets\LTDv2\frames\frames\20210119\clip_1_0028\image_0091.jpg,0,46.75793,-8.42557
20210119,C:\junha\Datasets\LTDv2\frames\frames\20210119\clip_1_0028\image_0092.jpg,0,47.16212,-8.49955
20210119,C:\junha\Datasets\LTDv2\frames\frames\20210119\clip_1_0028\image_0093.jpg,0,46.376453,-4.8031497
20210119,C:\junha\Datasets\LTDv2\frames\frames\20210119\clip_1_0028\image_0094.jpg,0,46.496525,-4.656688
20210119,C:\junha\Datasets\LTDv2\frames\frames\20210119\clip_1_0028\image_0095.jpg,0,47.47803,-3.5074937
20210119,C:\junha\Datasets\LTDv2\frames\frames\20210119\clip_1_0028\image_0096.jpg,0,47.651054,-3.2788296
20210119,C:\junha\Datasets\LTDv2\frames\frames\20210119\clip_1_0028\image_0097.jpg,0,37.513596,-10.696309
20210119,C:\junha\Datasets\LTDv2\frames\frames\20210119\clip_1_0028\image_0098.jpg,0,37.709034,-10.686041
20210119,C:\junha\Datasets\LTDv2\frames\frames\20210119\clip_1_0028\image_0099.jpg,0,43.911186,-15.820162
20210119,C:\junha\Datasets\LTDv2\frames\frames\20210119\clip_1_0028\image_0100.jpg,0,31.730745,-13.987659
20210119,C:\junha\Datasets\LTDv2\frames\frames\20210119\clip_1_0028\image_0101.jpg,0,33.76874,-13.731476
20210119,C:\junha\Datasets\LTDv2\frames\frames\20210119\clip_1_0028\image_0102.jpg,0,33.821575,-13.8571825
20210119,C:\junha\Datasets\LTDv2\frames\frames\20210119\clip_1_0028\image_0103.jpg,0,43.951485,-8.338204
20210119,C:\junha\Datasets\LTDv2\frames\frames\20210119\clip_1_0028\image_0104.jpg,0,42.91402,-8.324545
20210119,C:\junha\Datasets\LTDv2\frames\frames\20210119\clip_1_0028\image_0105.jpg,0,42.283596,-5.9801536
20210119,C:\junha\Datasets\LTDv2\frames\frames\20210119\clip_1_0028\image_0106.jpg,0,42.747135,-6.4103103
20210119,C:\junha\Datasets\LTDv2\frames\frames\20210119\clip_1_0028\image_0107.jpg,0,45.986217,-11.155223
20210119,C:\junha\Datasets\LTDv2\frames\frames\20210119\clip_1_0028\image_0108.jpg,0,45.39086,-11.425579
20210119,C:\junha\Datasets\LTDv2\frames\frames\20210119\clip_1_0028\image_0109.jpg,0,36.91094,-8.555634
20210119,C:\junha\Datasets\LTDv2\frames\frames\20210119\clip_1_0028\image_0110.jpg,0,37.20262,-8.596139
20210119,C:\junha\Datasets\LTDv2\frames\frames\20210119\clip_1_0028\image_0111.jpg,0,49.181923,-13.371727
20210119,C:\junha\Datasets\LTDv2\frames\frames\20210119\clip_1_0028\image_0112.jpg,0,49.01417,-13.545524
20210119,C:\junha\Datasets\LTDv2\frames\frames\20210119\clip_1_0028\image_0113.jpg,0,39.759007,-8.244352
20210119,C:\junha\Datasets\LTDv2\frames\frames\20210119\clip_1_0028\image_0114.jpg,0,39.61533,-8.246614
20210119,C:\junha\Datasets\LTDv2\frames\frames\20210119\clip_1_0028\image_0115.jpg,0,53.28357,-11.630381
20210119,C:\junha\Datasets\LTDv2\frames\frames\20210119\clip_1_0028\image_0116.jpg,0,53.304897,-11.625148
20210119,C:\junha\Datasets\LTDv2\frames\frames\20210119\clip_1_0028\image_0117.jpg,0,34.314316,-15.801631
20210119,C:\junha\Datasets\LTDv2\frames\frames\20210119\clip_1_0028\image_0118.jpg,0,34.101837,-15.856173
20210119,C:\junha\Datasets\LTDv2\frames\frames\20210119\clip_1_0028\image_0119.jpg,0,30.506266,-14.625539
20210119,C:\junha\Datasets\LTDv2\frames\frames\20210119\clip_2_0056\image_0000.jpg,0,29.8733,14.867145
20210119,C:\junha\Datasets\LTDv2\frames\frames\20210119\clip_2_0056\image_0001.jpg,0,42.284847,10.498335
20210119,C:\junha\Datasets\LTDv2\frames\frames\20210119\clip_2_0056\image_0002.jpg,0,42.597313,10.290083
20210119,C:\junha\Datasets\LTDv2\frames\frames\20210119\clip_2_0056\image_0003.jpg,0,43.050804,7.9974155
20210119,C:\junha\Datasets\LTDv2\frames\frames\20210119\clip_2_0056\image_0004.jpg,0,43.08828,8.021355
20210119,C:\junha\Datasets\LTDv2\frames\frames\20210119\clip_2_0056\image_0005.jpg,0,32.837475,12.224119
20210119,C:\junha\Datasets\LTDv2\frames\frames\20210119\clip_2_0056\image_0006.jpg,0,32.483894,13.296547
20210119,C:\junha\Datasets\LTDv2\frames\frames\20210119\clip_2_0056\image_0007.jpg,0,32.97723,6.6169767
20210119,C:\junha\Datasets\LTDv2\frames\frames\20210119\clip_2_0056\image_0008.jpg,0,32.963966,6.409498
20210119,C:\junha\Datasets\LTDv2\frames\frames\20210119\clip_2_0056\image_0009.jpg,0,32.140102,15.510897
20210119,C:\junha\Datasets\LTDv2\frames\frames\20210119\clip_2_0056\image_0010.jpg,0,32.050995,15.583532
20210119,C:\junha\Datasets\LTDv2\frames\frames\20210119\clip_2_0056\image_0011.jpg,0,31.848341,10.039645
20210119,C:\junha\Datasets\LTDv2\frames\frames\20210119\clip_2_0056\image_0012.jpg,0,32.113895,10.541629
20210119,C:\junha\Datasets\LTDv2\frames\frames\20210119\clip_2_0056\image_0013.jpg,0,33.12673,9.463482
20210119,C:\junha\Datasets\LTDv2\frames\frames\20210119\clip_2_0056\image_0014.jpg,0,33.45477,12.282047
20210119,C:\junha\Datasets\LTDv2\frames\frames\20210119\clip_2_0056\image_0015.jpg,0,30.770786,15.174931
20210119,C:\junha\Datasets\LTDv2\frames\frames\20210119\clip_2_0056\image_0016.jpg,0,30.736261,14.817206
20210119,C:\junha\Datasets\LTDv2\frames\frames\20210119\clip_2_0056\image_0017.jpg,0,28.037994,13.710827
20210119,C:\junha\Datasets\LTDv2\frames\frames\20210119\clip_2_0056\image_0018.jpg,0,27.870733,13.541079
20210119,C:\junha\Datasets\LTDv2\frames\frames\20210119\clip_2_0056\image_0019.jpg,0,30.030968,8.266997
20210119,C:\junha\Datasets\LTDv2\frames\frames\20210119\clip_2_0056\image_0020.jpg,0,30.645563,8.202872
20210119,C:\junha\Datasets\LTDv2\frames\frames\20210119\clip_2_0056\image_0021.jpg,0,29.19992,8.711954
20210119,C:\junha\Datasets\LTDv2\frames\frames\20210119\clip_2_0056\image_0022.jpg,0,28.54709,9.100531
20210119,C:\junha\Datasets\LTDv2\frames\frames\20210119\clip_2_0056\image_0023.jpg,0,35.44955,9.933019
20210119,C:\junha\Datasets\LTDv2\frames\frames\20210119\clip_2_0056\image_0024.jpg,0,41.124214,16.512873
20210119,C:\junha\Datasets\LTDv2\frames\frames\20210119\clip_2_0056\image_0025.jpg,0,39.20423,16.838505
20210119,C:\junha\Datasets\LTDv2\frames\frames\20210119\clip_2_0056\image_0026.jpg,0,38.802742,16.962622
20210119,C:\junha\Datasets\LTDv2\frames\frames\20210119\clip_2_0056\image_0027.jpg,0,30.18756,20.753736
20210119,C:\junha\Datasets\LTDv2\frames\frames\20210119\clip_2_0056\image_0028.jpg,0,30.288073,20.660816
20210119,C:\junha\Datasets\LTDv2\frames\frames\20210119\clip_2_0056\image_0029.jpg,0,31.178282,19.731148
20210119,C:\junha\Datasets\LTDv2\frames\frames\20210119\clip_2_0056\image_0030.jpg,0,31.416903,19.354948
20210119,C:\junha\Datasets\LTDv2\frames\frames\20210119\clip_2_0056\image_0031.jpg,0,40.592297,18.328365
20210119,C:\junha\Datasets\LTDv2\frames\frames\20210119\clip_2_0056\image_0032.jpg,0,38.686295,18.537374
20210119,C:\junha\Datasets\LTDv2\frames\frames\20210119\clip_2_0056\image_0033.jpg,0,38.017605,18.634117
20210119,C:\junha\Datasets\LTDv2\frames\frames\20210119\clip_2_0056\image_0034.jpg,0,36.975765,12.542109
20210119,C:\junha\Datasets\LTDv2\frames\frames\20210119\clip_2_0056\image_0035.jpg,0,42.137665,16.988451
20210119,C:\junha\Datasets\LTDv2\frames\frames\20210119\clip_2_0056\image_0036.jpg,0,42.570988,16.927868
20210119,C:\junha\Datasets\LTDv2\frames\frames\20210119\clip_2_0056\image_0037.jpg,0,36.68516,19.86357
20210119,C:\junha\Datasets\LTDv2\frames\frames\20210119\clip_2_0056\image_0038.jpg,0,36.934902,20.596218
20210119,C:\junha\Datasets\LTDv2\frames\frames\20210119\clip_2_0056\image_0039.jpg,0,33.675865,16.37836
20210119,C:\junha\Datasets\LTDv2\frames\frames\20210119\clip_2_0056\image_0040.jpg,0,33.511566,19.03208
20210119,C:\junha\Datasets\LTDv2\frames\frames\20210119\clip_2_0056\image_0041.jpg,0,38.999203,15.194452
20210119,C:\junha\Datasets\LTDv2\frames\frames\20210119\clip_2_0056\image_0042.jpg,0,39.24816,15.2174225
20210119,C:\junha\Datasets\LTDv2\frames\frames\20210119\clip_2_0056\image_0043.jpg,0,35.192894,13.780622
20210119,C:\junha\Datasets\LTDv2\frames\frames\20210119\clip_2_0056\image_0044.jpg,0,35.428913,13.15494
20210119,C:\junha\Datasets\LTDv2\frames\frames\20210119\clip_2_0056\image_0045.jpg,0,33.979378,14.55237
20210119,C:\junha\Datasets\LTDv2\frames\frames\20210119\clip_2_0056\image_0046.jpg,0,33.767414,14.731465
20210119,C:\junha\Datasets\LTDv2\frames\frames\20210119\clip_2_0056\image_0047.jpg,0,44.93734,17.96135
20210119,C:\junha\Datasets\LTDv2\frames\frames\20210119\clip_2_0056\image_0048.jpg,0,44.58422,17.469093
20210119,C:\junha\Datasets\LTDv2\frames\frames\20210119\clip_2_0056\image_0049.jpg,0,26.371235,16.994509
20210119,C:\junha\Datasets\LTDv2\frames\frames\20210119\clip_2_0056\image_0050.jpg,0,26.495447,16.970404
20210119,C:\junha\Datasets\LTDv2\frames\frames\20210119\clip_2_0056\image_0051.jpg,0,34.9111,23.620502
20210119,C:\junha\Datasets\LTDv2\frames\frames\20210119\clip_2_0056\image_0052.jpg,0,34.967743,23.418268
20210119,C:\junha\Datasets\LTDv2\frames\frames\20210119\clip_2_0056\image_0053.jpg,0,29.929062,18.095112
20210119,C:\junha\Datasets\LTDv2\frames\frames\20210119\clip_2_0056\image_0054.jpg,0,30.409689,17.97649
20210119,C:\junha\Datasets\LTDv2\frames\frames\20210119\clip_2_0056\image_0055.jpg,0,35.45031,15.5430765
20210119,C:\junha\Datasets\LTDv2\frames\frames\20210119\clip_2_0056\image_0056.jpg,0,35.26595,15.0322695
20210119,C:\junha\Datasets\LTDv2\frames\frames\20210119\clip_2_0056\image_0057.jpg,0,36.878586,14.445014
20210119,C:\junha\Datasets\LTDv2\frames\frames\20210119\clip_2_0056\image_0058.jpg,0,36.613045,14.511503
20210119,C:\junha\Datasets\LTDv2\frames\frames\20210119\clip_2_0056\image_0059.jpg,0,33.030804,17.807858
20210119,C:\junha\Datasets\LTDv2\frames\frames\20210119\clip_2_0056\image_0060.jpg,0,32.759228,17.625187
20210119,C:\junha\Datasets\LTDv2\frames\frames\20210119\clip_2_0056\image_0061.jpg,0,35.319626,11.081476
20210119,C:\junha\Datasets\LTDv2\frames\frames\20210119\clip_2_0056\image_0062.jpg,0,35.277905,11.114955
20210119,C:\junha\Datasets\LTDv2\frames\frames\20210119\clip_2_0056\image_0063.jpg,0,37.15604,16.576527
20210119,C:\junha\Datasets\LTDv2\frames\frames\20210119\clip_2_0056\image_0064.jpg,0,37.227444,16.243168
20210119,C:\junha\Datasets\LTDv2\frames\frames\20210119\clip_2_0056\image_0065.jpg,0,34.36342,20.677286
20210119,C:\junha\Datasets\LTDv2\frames\frames\20210119\clip_2_0056\image_0066.jpg,0,34.53736,21.0133
20210119,C:\junha\Datasets\LTDv2\frames\frames\20210119\clip_2_0056\image_0067.jpg,0,30.180355,11.318888
20210119,C:\junha\Datasets\LTDv2\frames\frames\20210119\clip_2_0056\image_0068.jpg,0,30.155205,11.65895
20210119,C:\junha\Datasets\LTDv2\frames\frames\20210119\clip_2_0056\image_0069.jpg,0,27.44291,19.789583
20210119,C:\junha\Datasets\LTDv2\frames\frames\20210119\clip_2_0056\image_0070.jpg,0,27.418701,19.748823
20210119,C:\junha\Datasets\LTDv2\frames\frames\20210119\clip_2_0056\image_0071.jpg,0,32.400364,22.130276
20210119,C:\junha\Datasets\LTDv2\frames\frames\20210119\clip_2_0056\image_0072.jpg,0,31.955816,22.203568
20210119,C:\junha\Datasets\LTDv2\frames\frames\20210119\clip_2_0056\image_0073.jpg,0,34.05077,21.812447
20210119,C:\junha\Datasets\LTDv2\frames\frames\20210119\clip_2_0056\image_0074.jpg,0,32.049053,20.91115
20210119,C:\junha\Datasets\LTDv2\frames\frames\20210119\clip_2_0056\image_0075.jpg,0,34.831707,19.526201
20210119,C:\junha\Datasets\LTDv2\frames\frames\20210119\clip_2_0056\image_0076.jpg,0,34.978966,19.200172
20210119,C:\junha\Datasets\LTDv2\frames\frames\20210119\clip_2_0056\image_0077.jpg,0,35.732643,21.995728
20210119,C:\junha\Datasets\LTDv2\frames\frames\20210119\clip_2_0056\image_0078.jpg,0,35.82145,22.261429
20210119,C:\junha\Datasets\LTDv2\frames\frames\20210119\clip_2_0056\image_0079.jpg,0,30.044407,24.75622
20210119,C:\junha\Datasets\LTDv2\frames\frames\20210119\clip_2_0056\image_0080.jpg,0,30.070541,24.690165
20210119,C:\junha\Datasets\LTDv2\frames\frames\20210119\clip_2_0056\image_0081.jpg,0,37.27632,25.09453
20210119,C:\junha\Datasets\LTDv2\frames\frames\20210119\clip_2_0056\image_0082.jpg,0,37.140167,25.082458
20210119,C:\junha\Datasets\LTDv2\frames\frames\20210119\clip_2_0056\image_0083.jpg,0,33.316128,24.263412
20210119,C:\junha\Datasets\LTDv2\frames\frames\20210119\clip_2_0056\image_0084.jpg,0,33.04873,24.098856
20210119,C:\junha\Datasets\LTDv2\frames\frames\20210119\clip_2_0056\image_0085.jpg,0,34.96425,26.01945
20210119,C:\junha\Datasets\LTDv2\frames\frames\20210119\clip_2_0056\image_0086.jpg,0,34.702095,26.054712
20210119,C:\junha\Datasets\LTDv2\frames\frames\20210119\clip_2_0056\image_0087.jpg,0,34.14891,27.205627
20210119,C:\junha\Datasets\LTDv2\frames\frames\20210119\clip_2_0056\image_0088.jpg,0,34.159092,27.034012
20210119,C:\junha\Datasets\LTDv2\frames\frames\20210119\clip_2_0056\image_0089.jpg,0,41.75376,12.506235
20210119,C:\junha\Datasets\LTDv2\frames\frames\20210119\clip_2_0056\image_0090.jpg,0,41.603832,11.951731
20210119,C:\junha\Datasets\LTDv2\frames\frames\20210119\clip_2_0056\image_0091.jpg,0,35.558254,17.67977
20210119,C:\junha\Datasets\LTDv2\frames\frames\20210119\clip_2_0056\image_0092.jpg,0,35.452354,18.410341
20210119,C:\junha\Datasets\LTDv2\frames\frames\20210119\clip_2_0056\image_0093.jpg,0,35.510258,16.932993
20210119,C:\junha\Datasets\LTDv2\frames\frames\20210119\clip_2_0056\image_0094.jpg,0,31.196579,13.200972
20210119,C:\junha\Datasets\LTDv2\frames\frames\20210119\clip_2_0056\image_0095.jpg,0,32.83517,8.428683
20210119,C:\junha\Datasets\LTDv2\frames\frames\20210119\clip_2_0056\image_0096.jpg,0,32.811058,8.501771
20210119,C:\junha\Datasets\LTDv2\frames\frames\20210119\clip_2_0056\image_0097.jpg,0,38.742817,13.029038
20210119,C:\junha\Datasets\LTDv2\frames\frames\20210119\clip_2_0056\image_0098.jpg,0,39.01518,13.255656
20210119,C:\junha\Datasets\LTDv2\frames\frames\20210119\clip_2_0056\image_0099.jpg,0,47.7715,11.632445
20210119,C:\junha\Datasets\LTDv2\frames\frames\20210119\clip_2_0056\image_0100.jpg,0,48.004868,11.26335
20210119,C:\junha\Datasets\LTDv2\frames\frames\20210119\clip_2_0056\image_0101.jpg,0,46.36469,14.44042
20210119,C:\junha\Datasets\LTDv2\frames\frames\20210119\clip_2_0056\image_0102.jpg,0,46.260693,14.257012
20210119,C:\junha\Datasets\LTDv2\frames\frames\20210119\clip_2_0056\image_0103.jpg,0,44.572174,12.035921
20210119,C:\junha\Datasets\LTDv2\frames\frames\20210119\clip_2_0056\image_0104.jpg,0,44.700924,12.836216
20210119,C:\junha\Datasets\LTDv2\frames\frames\20210119\clip_2_0056\image_0105.jpg,0,43.216736,13.168525
20210119,C:\junha\Datasets\LTDv2\frames\frames\20210119\clip_2_0056\image_0106.jpg,0,43.771946,13.064691
20210119,C:\junha\Datasets\LTDv2\frames\frames\20210119\clip_2_0056\image_0107.jpg,0,45.011536,14.2840805
20210119,C:\junha\Datasets\LTDv2\frames\frames\20210119\clip_2_0056\image_0108.jpg,0,44.867535,14.557372
20210119,C:\junha\Datasets\LTDv2\frames\frames\20210119\clip_2_0056\image_0109.jpg,0,39.606033,23.067112
20210119,C:\junha\Datasets\LTDv2\frames\frames\20210119\clip_2_0056\image_0110.jpg,0,39.72521,22.795376
20210119,C:\junha\Datasets\LTDv2\frames\frames\20210119\clip_2_0056\image_0111.jpg,0,38.508278,21.067436
20210119,C:\junha\Datasets\LTDv2\frames\frames\20210119\clip_2_0056\image_0112.jpg,0,38.68545,21.62785
20210119,C:\junha\Datasets\LTDv2\frames\frames\20210119\clip_2_0056\image_0113.jpg,0,41.96039,13.762551
20210119,C:\junha\Datasets\LTDv2\frames\frames\20210119\clip_2_0056\image_0114.jpg,0,45.977875,16.326338
20210119,C:\junha\Datasets\LTDv2\frames\frames\20210119\clip_2_0056\image_0115.jpg,0,45.23638,16.399548
20210119,C:\junha\Datasets\LTDv2\frames\frames\20210119\clip_2_0056\image_0116.jpg,0,44.577614,15.746641
20210119,C:\junha\Datasets\LTDv2\frames\frames\20210119\clip_2_0056\image_0117.jpg,0,46.93659,17.888447
20210119,C:\junha\Datasets\LTDv2\frames\frames\20210119\clip_2_0056\image_0118.jpg,0,46.648724,17.778997
20210119,C:\junha\Datasets\LTDv2\frames\frames\20210119\clip_2_0056\image_0119.jpg,0,40.307343,21.644032
20210119,C:\junha\Datasets\LTDv2\frames\frames\20210119\clip_3_0124\image_0000.jpg,0,1.2754984,39.944176
20210119,C:\junha\Datasets\LTDv2\frames\frames\20210119\clip_3_0124\image_0001.jpg,1,0.66980785,41.099575
20210119,C:\junha\Datasets\LTDv2\frames\frames\20210119\clip_3_0124\image_0002.jpg,0,5.508274,34.538307
20210119,C:\junha\Datasets\LTDv2\frames\frames\20210119\clip_3_0124\image_0003.jpg,0,5.220512,34.63819
20210119,C:\junha\Datasets\LTDv2\frames\frames\20210119\clip_3_0124\image_0004.jpg,0,4.1009197,32.68598
20210119,C:\junha\Datasets\LTDv2\frames\frames\20210119\clip_3_0124\image_0005.jpg,0,4.3475432,32.90389
20210119,C:\junha\Datasets\LTDv2\frames\frames\20210119\clip_3_0124\image_0006.jpg,0,6.15639,33.17487
20210119,C:\junha\Datasets\LTDv2\frames\frames\20210119\clip_3_0124\image_0007.jpg,0,6.1844997,33.040512
20210119,C:\junha\Datasets\LTDv2\frames\frames\20210119\clip_3_0124\image_0008.jpg,1,3.818869,42.43032
20210119,C:\junha\Datasets\LTDv2\frames\frames\20210119\clip_3_0124\image_0009.jpg,0,0.46204466,49.080627
20210119,C:\junha\Datasets\LTDv2\frames\frames\20210119\clip_3_0124\image_0010.jpg,0,8.967999,39.667427
20210119,C:\junha\Datasets\LTDv2\frames\frames\20210119\clip_3_0124\image_0011.jpg,0,8.89826,39.661663
20210119,C:\junha\Datasets\LTDv2\frames\frames\20210119\clip_3_0124\image_0012.jpg,1,0.07668993,52.862286
20210119,C:\junha\Datasets\LTDv2\frames\frames\20210119\clip_3_0124\image_0013.jpg,1,0.066046886,52.824913
20210119,C:\junha\Datasets\LTDv2\frames\frames\20210119\clip_3_0124\image_0014.jpg,1,-0.11627195,42.754284
20210119,C:\junha\Datasets\LTDv2\frames\frames\20210119\clip_3_0124\image_0015.jpg,1,0.16468976,42.53658
20210119,C:\junha\Datasets\LTDv2\frames\frames\20210119\clip_3_0124\image_0016.jpg,0,2.786172,31.491682
20210119,C:\junha\Datasets\LTDv2\frames\frames\20210119\clip_3_0124\image_0017.jpg,0,3.1120965,31.572113
20210119,C:\junha\Datasets\LTDv2\frames\frames\20210119\clip_3_0124\image_0018.jpg,0,3.9242957,35.539486
20210119,C:\junha\Datasets\LTDv2\frames\frames\20210119\clip_3_0124\image_0019.jpg,1,-0.9682102,45.800945
20210119,C:\junha\Datasets\LTDv2\frames\frames\20210119\clip_3_0124\image_0020.jpg,1,0.4877418,45.581524
20210119,C:\junha\Datasets\LTDv2\frames\frames\20210119\clip_3_0124\image_0021.jpg,0,0.6963825,45.763306
20210119,C:\junha\Datasets\LTDv2\frames\frames\20210119\clip_3_0124\image_0022.jpg,0,1.8875817,46.210293
20210119,C:\junha\Datasets\LTDv2\frames\frames\20210119\clip_3_0124\image_0023.jpg,0,1.8176728,46.012268
20210119,C:\junha\Datasets\LTDv2\frames\frames\20210119\clip_3_0124\image_0024.jpg,0,-8.606542,47.68689
20210119,C:\junha\Datasets\LTDv2\frames\frames\20210119\clip_3_0124\image_0025.jpg,1,-8.5404825,47.689106
20210119,C:\junha\Datasets\LTDv2\frames\frames\20210119\clip_3_0124\image_0026.jpg,1,-2.4977162,52.57332
20210119,C:\junha\Datasets\LTDv2\frames\frames\20210119\clip_3_0124\image_0027.jpg,1,-2.4876583,52.6096
20210119,C:\junha\Datasets\LTDv2\frames\frames\20210119\clip_3_0124\image_0028.jpg,0,1.4912744,44.086018
20210119,C:\junha\Datasets\LTDv2\frames\frames\20210119\clip_3_0124\image_0029.jpg,0,5.476323,36.55744
20210119,C:\junha\Datasets\LTDv2\frames\frames\20210119\clip_3_0124\image_0030.jpg,0,-1.4785037,33.3805
20210119,C:\junha\Datasets\LTDv2\frames\frames\20210119\clip_3_0124\image_0031.jpg,0,-1.4241084,33.59388
20210119,C:\junha\Datasets\LTDv2\frames\frames\20210119\clip_3_0124\image_0032.jpg,0,0.6822872,38.542896
20210119,C:\junha\Datasets\LTDv2\frames\frames\20210119\clip_3_0124\image_0033.jpg,1,0.14351177,39.289745
20210119,C:\junha\Datasets\LTDv2\frames\frames\20210119\clip_3_0124\image_0034.jpg,0,-1.6005654,41.84975
20210119,C:\junha\Datasets\LTDv2\frames\frames\20210119\clip_3_0124\image_0035.jpg,1,-1.7344,41.919353
20210119,C:\junha\Datasets\LTDv2\frames\frames\20210119\clip_3_0124\image_0036.jpg,0,2.4644234,34.16809
20210119,C:\junha\Datasets\LTDv2\frames\frames\20210119\clip_3_0124\image_0037.jpg,0,2.5136554,34.12087
20210119,C:\junha\Datasets\LTDv2\frames\frames\20210119\clip_3_0124\image_0038.jpg,0,4.244651,41.14975
20210119,C:\junha\Datasets\LTDv2\frames\frames\20210119\clip_3_0124\image_0039.jpg,0,0.3897108,48.653263
20210119,C:\junha\Datasets\LTDv2\frames\frames\20210119\clip_3_0124\image_0040.jpg,1,-0.6846002,46.881878
20210119,C:\junha\Datasets\LTDv2\frames\frames\20210119\clip_3_0124\image_0041.jpg,0,-0.4631187,47.51599
20210119,C:\junha\Datasets\LTDv2\frames\frames\20210119\clip_3_0124\image_0042.jpg,0,-6.4451423,39.42589
20210119,C:\junha\Datasets\LTDv2\frames\frames\20210119\clip_3_0124\image_0043.jpg,1,-6.3573136,39.485893
20210119,C:\junha\Datasets\LTDv2\frames\frames\20210119\clip_3_0124\image_0044.jpg,0,-0.65488476,36.533146
20210119,C:\junha\Datasets\LTDv2\frames\frames\20210119\clip_3_0124\image_0045.jpg,1,-1.2024843,36.45714
20210119,C:\junha\Datasets\LTDv2\frames\frames\20210119\clip_3_0124\image_0046.jpg,0,4.6515884,37.033592
20210119,C:\junha\Datasets\LTDv2\frames\frames\20210119\clip_3_0124\image_0047.jpg,0,4.8902054,37.15477
20210119,C:\junha\Datasets\LTDv2\frames\frames\20210119\clip_3_0124\image_0048.jpg,0,2.3798165,44.282806
20210119,C:\junha\Datasets\LTDv2\frames\frames\20210119\clip_3_0124\image_0049.jpg,1,-2.6088202,46.31313
20210119,C:\junha\Datasets\LTDv2\frames\frames\20210119\clip_3_0124\image_0050.jpg,1,2.1954012,42.035244
20210119,C:\junha\Datasets\LTDv2\frames\frames\20210119\clip_3_0124\image_0051.jpg,1,2.5764732,42.07192
20210119,C:\junha\Datasets\LTDv2\frames\frames\20210119\clip_3_0124\image_0052.jpg,1,-8.795995,40.951553
20210119,C:\junha\Datasets\LTDv2\frames\frames\20210119\clip_3_0124\image_0053.jpg,1,-8.889185,40.779568
20210119,C:\junha\Datasets\LTDv2\frames\frames\20210119\clip_3_0124\image_0054.jpg,1,-7.837244,42.073853
20210119,C:\junha\Datasets\LTDv2\frames\frames\20210119\clip_3_0124\image_0055.jpg,1,-8.025248,41.885498
20210119,C:\junha\Datasets\LTDv2\frames\frames\20210119\clip_3_0124\image_0056.jpg,1,5.915812,42.24824
20210119,C:\junha\Datasets\LTDv2\frames\frames\20210119\clip_3_0124\image_0057.jpg,0,5.7836823,42.051727
20210119,C:\junha\Datasets\LTDv2\frames\frames\20210119\clip_3_0124\image_0058.jpg,0,1.7653918,37.623184
20210119,C:\junha\Datasets\LTDv2\frames\frames\20210119\clip_3_0124\image_0059.jpg,1,-8.553776,44.261074
20210119,C:\junha\Datasets\LTDv2\frames\frames\20210119\clip_3_0124\image_0060.jpg,1,-4.226958,51.304157
20210119,C:\junha\Datasets\LTDv2\frames\frames\20210119\clip_3_0124\image_0061.jpg,1,-4.201883,51.05284
20210119,C:\junha\Datasets\LTDv2\frames\frames\20210119\clip_3_0124\image_0062.jpg,1,-5.3364534,44.921963
20210119,C:\junha\Datasets\LTDv2\frames\frames\20210119\clip_3_0124\image_0063.jpg,1,-5.0899854,45.241035
20210119,C:\junha\Datasets\LTDv2\frames\frames\20210119\clip_3_0124\image_0064.jpg,0,-2.0714502,48.000988
20210119,C:\junha\Datasets\LTDv2\frames\frames\20210119\clip_3_0124\image_0065.jpg,1,-2.4305587,48.858685
20210119,C:\junha\Datasets\LTDv2\frames\frames\20210119\clip_3_0124\image_0066.jpg,1,-5.5621867,43.62539
20210119,C:\junha\Datasets\LTDv2\frames\frames\20210119\clip_3_0124\image_0067.jpg,1,-5.283767,43.367004
20210119,C:\junha\Datasets\LTDv2\frames\frames\20210119\clip_3_0124\image_0068.jpg,0,0.6728444,36.630253
20210119,C:\junha\Datasets\LTDv2\frames\frames\20210119\clip_3_0124\image_0069.jpg,1,0.26665515,40.343338
20210119,C:\junha\Datasets\LTDv2\frames\frames\20210119\clip_3_0124\image_0070.jpg,1,-10.442207,44.38777
20210119,C:\junha\Datasets\LTDv2\frames\frames\20210119\clip_3_0124\image_0071.jpg,1,-10.587032,44.41201
20210119,C:\junha\Datasets\LTDv2\frames\frames\20210119\clip_3_0124\image_0072.jpg,1,-8.4462805,30.12137
20210119,C:\junha\Datasets\LTDv2\frames\frames\20210119\clip_3_0124\image_0073.jpg,1,-8.474404,30.131512
20210119,C:\junha\Datasets\LTDv2\frames\frames\20210119\clip_3_0124\image_0074.jpg,1,-4.548963,30.510954
20210119,C:\junha\Datasets\LTDv2\frames\frames\20210119\clip_3_0124\image_0075.jpg,1,-4.230726,30.862349
20210119,C:\junha\Datasets\LTDv2\frames\frames\20210119\clip_3_0124\image_0076.jpg,1,-3.781694,31.884768
20210119,C:\junha\Datasets\LTDv2\frames\frames\20210119\clip_3_0124\image_0077.jpg,1,-3.6472914,31.894716
20210119,C:\junha\Datasets\LTDv2\frames\frames\20210119\clip_3_0124\image_0078.jpg,1,-2.232196,32.279106
20210119,C:\junha\Datasets\LTDv2\frames\frames\20210119\clip_3_0124\image_0079.jpg,1,2.6301837,40.7794
20210119,C:\junha\Datasets\LTDv2\frames\frames\20210119\clip_3_0124\image_0080.jpg,1,-6.571111,45.76251
20210119,C:\junha\Datasets\LTDv2\frames\frames\20210119\clip_3_0124\image_0081.jpg,1,-6.5606027,45.573273
20210119,C:\junha\Datasets\LTDv2\frames\frames\20210119\clip_3_0124\image_0082.jpg,1,-5.040921,33.77678
20210119,C:\junha\Datasets\LTDv2\frames\frames\20210119\clip_3_0124\image_0083.jpg,1,-5.094806,33.723873
20210119,C:\junha\Datasets\LTDv2\frames\frames\20210119\clip_3_0124\image_0084.jpg,0,7.97237,34.162594
20210119,C:\junha\Datasets\LTDv2\frames\frames\20210119\clip_3_0124\image_0085.jpg,0,7.95139,34.2299
20210119,C:\junha\Datasets\LTDv2\frames\frames\20210119\clip_3_0124\image_0086.jpg,0,-5.713886,35.89839
20210119,C:\junha\Datasets\LTDv2\frames\frames\20210119\clip_3_0124\image_0087.jpg,0,-5.7262883,35.886127
20210119,C:\junha\Datasets\LTDv2\frames\frames\20210119\clip_3_0124\image_0088.jpg,1,-0.61463153,43.941303
20210119,C:\junha\Datasets\LTDv2\frames\frames\20210119\clip_3_0124\image_0089.jpg,1,-2.5646918,50.20814
20210119,C:\junha\Datasets\LTDv2\frames\frames\20210119\clip_3_0124\image_0090.jpg,1,-1.417103,50.05153
20210119,C:\junha\Datasets\LTDv2\frames\frames\20210119\clip_3_0124\image_0091.jpg,1,-1.1888497,49.993454
20210119,C:\junha\Datasets\LTDv2\frames\frames\20210119\clip_3_0124\image_0092.jpg,0,2.1427345,47.740345
20210119,C:\junha\Datasets\LTDv2\frames\frames\20210119\clip_3_0124\image_0093.jpg,0,2.137472,47.6759
20210119,C:\junha\Datasets\LTDv2\frames\frames\20210119\clip_3_0124\image_0094.jpg,0,0.6965578,35.64291
20210119,C:\junha\Datasets\LTDv2\frames\frames\20210119\clip_3_0124\image_0095.jpg,0,0.95470756,35.348957
20210119,C:\junha\Datasets\LTDv2\frames\frames\20210119\clip_3_0124\image_0096.jpg,1,-5.5030007,48.44417
20210119,C:\junha\Datasets\LTDv2\frames\frames\20210119\clip_3_0124\image_0097.jpg,1,-4.6197724,42.116043
20210119,C:\junha\Datasets\LTDv2\frames\frames\20210119\clip_3_0124\image_0098.jpg,1,-4.6343126,41.59935
20210119,C:\junha\Datasets\LTDv2\frames\frames\20210119\clip_3_0124\image_0099.jpg,1,-6.1723876,47.582767
20210119,C:\junha\Datasets\LTDv2\frames\frames\20210119\clip_3_0124\image_0100.jpg,1,-3.074747,43.45971
20210119,C:\junha\Datasets\LTDv2\frames\frames\20210119\clip_3_0124\image_0101.jpg,1,-3.1235626,43.500404
20210119,C:\junha\Datasets\LTDv2\frames\frames\20210119\clip_3_0124\image_0102.jpg,1,-2.959555,39.603382
20210119,C:\junha\Datasets\LTDv2\frames\frames\20210119\clip_3_0124\image_0103.jpg,1,-2.8518713,39.256737
20210119,C:\junha\Datasets\LTDv2\frames\frames\20210119\clip_3_0124\image_0104.jpg,1,-0.9789558,38.705105
20210119,C:\junha\Datasets\LTDv2\frames\frames\20210119\clip_3_0124\image_0105.jpg,1,-1.0457405,38.571136
20210119,C:\junha\Datasets\LTDv2\frames\frames\20210119\clip_3_0124\image_0106.jpg,0,3.447077,37.812054
20210119,C:\junha\Datasets\LTDv2\frames\frames\20210119\clip_3_0124\image_0107.jpg,0,3.4432783,37.715874
20210119,C:\junha\Datasets\LTDv2\frames\frames\20210119\clip_3_0124\image_0108.jpg,0,2.4214551,36.483257
20210119,C:\junha\Datasets\LTDv2\frames\frames\20210119\clip_3_0124\image_0109.jpg,0,5.5813,39.58547
20210119,C:\junha\Datasets\LTDv2\frames\frames\20210119\clip_3_0124\image_0110.jpg,0,4.0184646,38.893272
20210119,C:\junha\Datasets\LTDv2\frames\frames\20210119\clip_3_0124\image_0111.jpg,0,4.3236856,40.123474
20210119,C:\junha\Datasets\LTDv2\frames\frames\20210119\clip_3_0124\image_0112.jpg,1,-4.1594014,48.372925
20210119,C:\junha\Datasets\LTDv2\frames\frames\20210119\clip_3_0124\image_0113.jpg,1,-4.215119,47.829006
20210119,C:\junha\Datasets\LTDv2\frames\frames\20210119\clip_3_0124\image_0114.jpg,1,-4.6476965,49.19099
20210119,C:\junha\Datasets\LTDv2\frames\frames\20210119\clip_3_0124\image_0115.jpg,1,-4.806866,49.384434
20210119,C:\junha\Datasets\LTDv2\frames\frames\20210119\clip_3_0124\image_0116.jpg,1,-3.8162854,45.645924
20210119,C:\junha\Datasets\LTDv2\frames\frames\20210119\clip_3_0124\image_0117.jpg,1,-3.6399684,46.128296
20210119,C:\junha\Datasets\LTDv2\frames\frames\20210119\clip_3_0124\image_0118.jpg,1,-8.010532,39.12523
20210119,C:\junha\Datasets\LTDv2\frames\frames\20210119\clip_3_0124\image_0119.jpg,1,4.755187,44.4597
20210119,C:\junha\Datasets\LTDv2\frames\frames\20210119\clip_4_0152\image_0000.jpg,1,-20.442673,8.26439
20210119,C:\junha\Datasets\LTDv2\frames\frames\20210119\clip_4_0152\image_0001.jpg,1,-10.9356985,13.585057
20210119,C:\junha\Datasets\LTDv2\frames\frames\20210119\clip_4_0152\image_0002.jpg,1,-10.813065,13.917419
20210119,C:\junha\Datasets\LTDv2\frames\frames\20210119\clip_4_0152\image_0003.jpg,1,-9.631148,14.889973
20210119,C:\junha\Datasets\LTDv2\frames\frames\20210119\clip_4_0152\image_0004.jpg,1,-9.603662,15.034444
20210119,C:\junha\Datasets\LTDv2\frames\frames\20210119\clip_4_0152\image_0005.jpg,1,-11.911723,14.998926
20210119,C:\junha\Datasets\LTDv2\frames\frames\20210119\clip_4_0152\image_0006.jpg,1,-12.143033,15.080373
20210119,C:\junha\Datasets\LTDv2\frames\frames\20210119\clip_4_0152\image_0007.jpg,1,-12.112074,16.36342
20210119,C:\junha\Datasets\LTDv2\frames\frames\20210119\clip_4_0152\image_0008.jpg,1,-12.105669,16.208256
20210119,C:\junha\Datasets\LTDv2\frames\frames\20210119\clip_4_0152\image_0009.jpg,1,-19.857264,9.226142
20210119,C:\junha\Datasets\LTDv2\frames\frames\20210119\clip_4_0152\image_0010.jpg,1,-9.170549,13.420898
20210119,C:\junha\Datasets\LTDv2\frames\frames\20210119\clip_4_0152\image_0011.jpg,1,-23.483456,8.834178
20210119,C:\junha\Datasets\LTDv2\frames\frames\20210119\clip_4_0152\image_0012.jpg,1,-23.487495,8.89219
20210119,C:\junha\Datasets\LTDv2\frames\frames\20210119\clip_4_0152\image_0013.jpg,1,-13.701086,23.124151
20210119,C:\junha\Datasets\LTDv2\frames\frames\20210119\clip_4_0152\image_0014.jpg,1,-14.122633,23.028877
20210119,C:\junha\Datasets\LTDv2\frames\frames\20210119\clip_4_0152\image_0015.jpg,1,-15.312229,17.53869
20210119,C:\junha\Datasets\LTDv2\frames\frames\20210119\clip_4_0152\image_0016.jpg,1,-15.286585,17.580173
20210119,C:\junha\Datasets\LTDv2\frames\frames\20210119\clip_4_0152\image_0017.jpg,1,-15.977972,13.229794
20210119,C:\junha\Datasets\LTDv2\frames\frames\20210119\clip_4_0152\image_0018.jpg,1,-15.873379,13.156442
20210119,C:\junha\Datasets\LTDv2\frames\frames\20210119\clip_4_0152\image_0019.jpg,1,-16.365673,14.992042
20210119,C:\junha\Datasets\LTDv2\frames\frames\20210119\clip_4_0152\image_0020.jpg,1,-15.811632,14.986914
20210119,C:\junha\Datasets\LTDv2\frames\frames\20210119\clip_4_0152\image_0021.jpg,1,-14.001914,16.58414
20210119,C:\junha\Datasets\LTDv2\frames\frames\20210119\clip_4_0152\image_0022.jpg,1,-14.009795,16.544113
20210119,C:\junha\Datasets\LTDv2\frames\frames\20210119\clip_4_0152\image_0023.jpg,1,-17.844233,13.651064
20210119,C:\junha\Datasets\LTDv2\frames\frames\20210119\clip_4_0152\image_0024.jpg,1,-18.09945,13.932497
20210119,C:\junha\Datasets\LTDv2\frames\frames\20210119\clip_4_0152\image_0025.jpg,1,-14.072237,13.908514
20210119,C:\junha\Datasets\LTDv2\frames\frames\20210119\clip_4_0152\image_0026.jpg,1,-13.915207,13.870724
20210119,C:\junha\Datasets\LTDv2\frames\frames\20210119\clip_4_0152\image_0027.jpg,1,-14.236699,5.58212
20210119,C:\junha\Datasets\LTDv2\frames\frames\20210119\clip_4_0152\image_0028.jpg,1,-14.221395,5.5987186
20210119,C:\junha\Datasets\LTDv2\frames\frames\20210119\clip_4_0152\image_0029.jpg,1,-13.306079,7.011613
20210119,C:\junha\Datasets\LTDv2\frames\frames\20210119\clip_4_0152\image_0030.jpg,1,-12.888741,6.616705
20210119,C:\junha\Datasets\LTDv2\frames\frames\20210119\clip_4_0152\image_0031.jpg,1,-11.778338,19.87444
20210119,C:\junha\Datasets\LTDv2\frames\frames\20210119\clip_4_0152\image_0032.jpg,1,-11.818785,19.827871
20210119,C:\junha\Datasets\LTDv2\frames\frames\20210119\clip_4_0152\image_0033.jpg,1,-10.324011,19.29301
20210119,C:\junha\Datasets\LTDv2\frames\frames\20210119\clip_4_0152\image_0034.jpg,1,-9.764724,19.031172
20210119,C:\junha\Datasets\LTDv2\frames\frames\20210119\clip_4_0152\image_0035.jpg,1,-10.544306,11.652809
20210119,C:\junha\Datasets\LTDv2\frames\frames\20210119\clip_4_0152\image_0036.jpg,1,-10.3466425,11.877672
20210119,C:\junha\Datasets\LTDv2\frames\frames\20210119\clip_4_0152\image_0037.jpg,1,-8.853057,16.58566
20210119,C:\junha\Datasets\LTDv2\frames\frames\20210119\clip_4_0152\image_0038.jpg,1,-8.851263,16.698456
20210119,C:\junha\Datasets\LTDv2\frames\frames\20210119\clip_4_0152\image_0039.jpg,1,-11.570519,9.026694
20210119,C:\junha\Datasets\LTDv2\frames\frames\20210119\clip_4_0152\image_0040.jpg,1,-11.15544,9.396262
20210119,C:\junha\Datasets\LTDv2\frames\frames\20210119\clip_4_0152\image_0041.jpg,1,-18.337742,0.31782013
20210119,C:\junha\Datasets\LTDv2\frames\frames\20210119\clip_4_0152\image_0042.jpg,1,-18.437511,0.31584352
20210119,C:\junha\Datasets\LTDv2\frames\frames\20210119\clip_4_0152\image_0043.jpg,1,-16.598974,1.3109019
20210119,C:\junha\Datasets\LTDv2\frames\frames\20210119\clip_4_0152\image_0044.jpg,1,-16.584236,1.3138291
20210119,C:\junha\Datasets\LTDv2\frames\frames\20210119\clip_4_0152\image_0045.jpg,1,-15.145039,1.4614455
20210119,C:\junha\Datasets\LTDv2\frames\frames\20210119\clip_4_0152\image_0046.jpg,1,-15.33005,1.4520772
20210119,C:\junha\Datasets\LTDv2\frames\frames\20210119\clip_4_0152\image_0047.jpg,1,-22.562101,18.606699
20210119,C:\junha\Datasets\LTDv2\frames\frames\20210119\clip_4_0152\image_0048.jpg,1,-22.626198,18.614027
20210119,C:\junha\Datasets\LTDv2\frames\frames\20210119\clip_4_0152\image_0049.jpg,1,-26.087631,19.178543
20210119,C:\junha\Datasets\LTDv2\frames\frames\20210119\clip_4_0152\image_0050.jpg,1,-26.000769,19.050669
20210119,C:\junha\Datasets\LTDv2\frames\frames\20210119\clip_4_0152\image_0051.jpg,1,-24.846817,17.670399
20210119,C:\junha\Datasets\LTDv2\frames\frames\20210119\clip_4_0152\image_0052.jpg,1,-24.730906,17.690699
20210119,C:\junha\Datasets\LTDv2\frames\frames\20210119\clip_4_0152\image_0053.jpg,1,-13.732653,19.71764
20210119,C:\junha\Datasets\LTDv2\frames\frames\20210119\clip_4_0152\image_0054.jpg,1,-13.850899,19.775534
20210119,C:\junha\Datasets\LTDv2\frames\frames\20210119\clip_4_0152\image_0055.jpg,1,-18.418598,20.178318
20210119,C:\junha\Datasets\LTDv2\frames\frames\20210119\clip_4_0152\image_0056.jpg,1,-18.423779,20.172138
20210119,C:\junha\Datasets\LTDv2\frames\frames\20210119\clip_4_0152\image_0057.jpg,1,-19.54097,18.707798
20210119,C:\junha\Datasets\LTDv2\frames\frames\20210119\clip_4_0152\image_0058.jpg,1,-19.560104,18.647306
20210119,C:\junha\Datasets\LTDv2\frames\frames\20210119\clip_4_0152\image_0059.jpg,1,-21.996544,6.786598
20210119,C:\junha\Datasets\LTDv2\frames\frames\20210119\clip_4_0152\image_0060.jpg,1,-22.118076,6.623612
20210119,C:\junha\Datasets\LTDv2\frames\frames\20210119\clip_4_0152\image_0061.jpg,1,-19.89551,13.023233
20210119,C:\junha\Datasets\LTDv2\frames\frames\20210119\clip_4_0152\image_0062.jpg,1,-19.789608,13.170651
20210119,C:\junha\Datasets\LTDv2\frames\frames\20210119\clip_4_0152\image_0063.jpg,1,-12.384675,11.896264
20210119,C:\junha\Datasets\LTDv2\frames\frames\20210119\clip_4_0152\image_0064.jpg,1,-12.352349,11.928929
20210119,C:\junha\Datasets\LTDv2\frames\frames\20210119\clip_4_0152\image_0065.jpg,1,-13.2138195,10.808051
20210119,C:\junha\Datasets\LTDv2\frames\frames\20210119\clip_4_0152\image_0066.jpg,1,-13.576455,10.807024
20210119,C:\junha\Datasets\LTDv2\frames\frames\20210119\clip_4_0152\image_0067.jpg,1,-14.796803,11.161578
20210119,C:\junha\Datasets\LTDv2\frames\frames\20210119\clip_4_0152\image_0068.jpg,1,-14.95754,11.464798
20210119,C:\junha\Datasets\LTDv2\frames\frames\20210119\clip_4_0152\image_0069.jpg,1,-15.723986,4.091156
20210119,C:\junha\Datasets\LTDv2\frames\frames\20210119\clip_4_0152\image_0070.jpg,1,-15.442682,4.577394
20210119,C:\junha\Datasets\LTDv2\frames\frames\20210119\clip_4_0152\image_0071.jpg,1,-17.811031,16.548016
20210119,C:\junha\Datasets\LTDv2\frames\frames\20210119\clip_4_0152\image_0072.jpg,1,-17.769236,16.200504
20210119,C:\junha\Datasets\LTDv2\frames\frames\20210119\clip_4_0152\image_0073.jpg,1,-21.484112,14.355552
20210119,C:\junha\Datasets\LTDv2\frames\frames\20210119\clip_4_0152\image_0074.jpg,1,-21.55075,14.431608
20210119,C:\junha\Datasets\LTDv2\frames\frames\20210119\clip_4_0152\image_0075.jpg,1,-16.347483,19.455006
20210119,C:\junha\Datasets\LTDv2\frames\frames\20210119\clip_4_0152\image_0076.jpg,1,-16.395437,19.406967
20210119,C:\junha\Datasets\LTDv2\frames\frames\20210119\clip_4_0152\image_0077.jpg,1,-19.42312,15.394867
20210119,C:\junha\Datasets\LTDv2\frames\frames\20210119\clip_4_0152\image_0078.jpg,1,-19.443811,15.263639
20210119,C:\junha\Datasets\LTDv2\frames\frames\20210119\clip_4_0152\image_0079.jpg,1,-22.014822,10.739531
20210119,C:\junha\Datasets\LTDv2\frames\frames\20210119\clip_4_0152\image_0080.jpg,1,-22.147127,10.710918
20210119,C:\junha\Datasets\LTDv2\frames\frames\20210119\clip_4_0152\image_0081.jpg,1,-17.74899,17.810297
20210119,C:\junha\Datasets\LTDv2\frames\frames\20210119\clip_4_0152\image_0082.jpg,1,-17.744064,17.891653
20210119,C:\junha\Datasets\LTDv2\frames\frames\20210119\clip_4_0152\image_0083.jpg,1,-21.002735,22.436823
20210119,C:\junha\Datasets\LTDv2\frames\frames\20210119\clip_4_0152\image_0084.jpg,1,-20.90626,22.438833
20210119,C:\junha\Datasets\LTDv2\frames\frames\20210119\clip_4_0152\image_0085.jpg,1,-16.937836,22.410873
20210119,C:\junha\Datasets\LTDv2\frames\frames\20210119\clip_4_0152\image_0086.jpg,1,-16.930456,22.421766
20210119,C:\junha\Datasets\LTDv2\frames\frames\20210119\clip_4_0152\image_0087.jpg,1,-15.919689,21.386187
20210119,C:\junha\Datasets\LTDv2\frames\frames\20210119\clip_4_0152\image_0088.jpg,1,-15.930045,21.378149
20210119,C:\junha\Datasets\LTDv2\frames\frames\20210119\clip_4_0152\image_0089.jpg,1,-9.241134,3.5567503
20210119,C:\junha\Datasets\LTDv2\frames\frames\20210119\clip_4_0152\image_0090.jpg,1,-9.226115,3.6319964
20210119,C:\junha\Datasets\LTDv2\frames\frames\20210119\clip_4_0152\image_0091.jpg,1,-19.85819,-6.8180833
20210119,C:\junha\Datasets\LTDv2\frames\frames\20210119\clip_4_0152\image_0092.jpg,1,-19.847559,-6.8011985
20210119,C:\junha\Datasets\LTDv2\frames\frames\20210119\clip_4_0152\image_0093.jpg,1,-18.88444,6.076048
20210119,C:\junha\Datasets\LTDv2\frames\frames\20210119\clip_4_0152\image_0094.jpg,1,-18.932583,5.9301414
20210119,C:\junha\Datasets\LTDv2\frames\frames\20210119\clip_4_0152\image_0095.jpg,1,-8.38205,10.824934
20210119,C:\junha\Datasets\LTDv2\frames\frames\20210119\clip_4_0152\image_0096.jpg,1,-8.330166,10.809582
20210119,C:\junha\Datasets\LTDv2\frames\frames\20210119\clip_4_0152\image_0097.jpg,1,-7.185925,15.61608
20210119,C:\junha\Datasets\LTDv2\frames\frames\20210119\clip_4_0152\image_0098.jpg,1,-7.3121853,15.519055
20210119,C:\junha\Datasets\LTDv2\frames\frames\20210119\clip_4_0152\image_0099.jpg,1,-7.5189776,12.886183
20210119,C:\junha\Datasets\LTDv2\frames\frames\20210119\clip_4_0152\image_0100.jpg,1,-7.70498,13.0513735
20210119,C:\junha\Datasets\LTDv2\frames\frames\20210119\clip_4_0152\image_0101.jpg,1,-12.856064,3.6859171
20210119,C:\junha\Datasets\LTDv2\frames\frames\20210119\clip_4_0152\image_0102.jpg,1,-12.824536,3.689708
20210119,C:\junha\Datasets\LTDv2\frames\frames\20210119\clip_4_0152\image_0103.jpg,1,-7.1883893,18.43269
20210119,C:\junha\Datasets\LTDv2\frames\frames\20210119\clip_4_0152\image_0104.jpg,1,-7.2458434,18.344944
20210119,C:\junha\Datasets\LTDv2\frames\frames\20210119\clip_4_0152\image_0105.jpg,1,-16.221773,6.897384
20210119,C:\junha\Datasets\LTDv2\frames\frames\20210119\clip_4_0152\image_0106.jpg,1,-16.204306,6.7736692
20210119,C:\junha\Datasets\LTDv2\frames\frames\20210119\clip_4_0152\image_0107.jpg,1,-10.716929,6.964573
20210119,C:\junha\Datasets\LTDv2\frames\frames\20210119\clip_4_0152\image_0108.jpg,1,-10.604463,6.9932337
20210119,C:\junha\Datasets\LTDv2\frames\frames\20210119\clip_4_0152\image_0109.jpg,1,-17.130629,11.902943
20210119,C:\junha\Datasets\LTDv2\frames\frames\20210119\clip_4_0152\image_0110.jpg,1,-17.436468,11.690679
20210119,C:\junha\Datasets\LTDv2\frames\frames\20210119\clip_4_0152\image_0111.jpg,1,-16.338356,9.502903
20210119,C:\junha\Datasets\LTDv2\frames\frames\20210119\clip_4_0152\image_0112.jpg,1,-16.458107,9.659681
20210119,C:\junha\Datasets\LTDv2\frames\frames\20210119\clip_4_0152\image_0113.jpg,1,-18.752214,8.890992
20210119,C:\junha\Datasets\LTDv2\frames\frames\20210119\clip_4_0152\image_0114.jpg,1,-18.816824,9.080764
20210119,C:\junha\Datasets\LTDv2\frames\frames\20210119\clip_4_0152\image_0115.jpg,1,-19.88366,11.140257
20210119,C:\junha\Datasets\LTDv2\frames\frames\20210119\clip_4_0152\image_0116.jpg,1,-19.925484,11.361912
20210119,C:\junha\Datasets\LTDv2\frames\frames\20210119\clip_4_0152\image_0117.jpg,1,-11.353806,21.034681
20210119,C:\junha\Datasets\LTDv2\frames\frames\20210119\clip_4_0152\image_0118.jpg,1,-10.024445,21.002714
20210119,C:\junha\Datasets\LTDv2\frames\frames\20210119\clip_4_0152\image_0119.jpg,1,-17.516966,2.9824476
20210119,C:\junha\Datasets\LTDv2\frames\frames\20210119\clip_5_0220\image_0000.jpg,1,-24.641718,-4.580239
20210119,C:\junha\Datasets\LTDv2\frames\frames\20210119\clip_5_0220\image_0001.jpg,1,-27.598001,0.24399702
20210119,C:\junha\Datasets\LTDv2\frames\frames\20210119\clip_5_0220\image_0002.jpg,1,-27.526253,-0.25056124
20210119,C:\junha\Datasets\LTDv2\frames\frames\20210119\clip_5_0220\image_0003.jpg,1,-24.290697,0.16263436
20210119,C:\junha\Datasets\LTDv2\frames\frames\20210119\clip_5_0220\image_0004.jpg,1,-24.487837,0.05585582
20210119,C:\junha\Datasets\LTDv2\frames\frames\20210119\clip_5_0220\image_0005.jpg,1,-25.60172,-0.78145814
20210119,C:\junha\Datasets\LTDv2\frames\frames\20210119\clip_5_0220\image_0006.jpg,1,-25.884094,-0.9010508
20210119,C:\junha\Datasets\LTDv2\frames\frames\20210119\clip_5_0220\image_0007.jpg,1,-28.939474,-2.9708984
20210119,C:\junha\Datasets\LTDv2\frames\frames\20210119\clip_5_0220\image_0008.jpg,1,-28.693565,-2.9963274
20210119,C:\junha\Datasets\LTDv2\frames\frames\20210119\clip_5_0220\image_0009.jpg,1,-23.892685,-2.8372355
20210119,C:\junha\Datasets\LTDv2\frames\frames\20210119\clip_5_0220\image_0010.jpg,1,-23.070324,-2.9641745
20210119,C:\junha\Datasets\LTDv2\frames\frames\20210119\clip_5_0220\image_0011.jpg,1,-25.397987,-2.8543365
20210119,C:\junha\Datasets\LTDv2\frames\frames\20210119\clip_5_0220\image_0012.jpg,1,-24.794044,-3.2896373
20210119,C:\junha\Datasets\LTDv2\frames\frames\20210119\clip_5_0220\image_0013.jpg,1,-20.415186,-1.2562943
20210119,C:\junha\Datasets\LTDv2\frames\frames\20210119\clip_5_0220\image_0014.jpg,1,-20.470001,-1.480817
20210119,C:\junha\Datasets\LTDv2\frames\frames\20210119\clip_5_0220\image_0015.jpg,1,-28.637306,10.93509
20210119,C:\junha\Datasets\LTDv2\frames\frames\20210119\clip_5_0220\image_0016.jpg,1,-29.06102,10.719073
20210119,C:\junha\Datasets\LTDv2\frames\frames\20210119\clip_5_0220\image_0017.jpg,1,-32.96121,7.1018634
20210119,C:\junha\Datasets\LTDv2\frames\frames\20210119\clip_5_0220\image_0018.jpg,1,-32.74226,7.1759295
20210119,C:\junha\Datasets\LTDv2\frames\frames\20210119\clip_5_0220\image_0019.jpg,1,-43.827236,-2.8206952
20210119,C:\junha\Datasets\LTDv2\frames\frames\20210119\clip_5_0220\image_0020.jpg,1,-43.970104,-2.9017277
20210119,C:\junha\Datasets\LTDv2\frames\frames\20210119\clip_5_0220\image_0021.jpg,1,-41.109154,-0.2212046
20210119,C:\junha\Datasets\LTDv2\frames\frames\20210119\clip_5_0220\image_0022.jpg,1,-41.401974,-0.6708365
20210119,C:\junha\Datasets\LTDv2\frames\frames\20210119\clip_5_0220\image_0023.jpg,1,-41.610256,0.89298415
20210119,C:\junha\Datasets\LTDv2\frames\frames\20210119\clip_5_0220\image_0024.jpg,1,-41.748146,0.876924
20210119,C:\junha\Datasets\LTDv2\frames\frames\20210119\clip_5_0220\image_0025.jpg,1,-39.68525,2.9016237
20210119,C:\junha\Datasets\LTDv2\frames\frames\20210119\clip_5_0220\image_0026.jpg,1,-39.708717,2.9517279
20210119,C:\junha\Datasets\LTDv2\frames\frames\20210119\clip_5_0220\image_0027.jpg,1,-41.237225,-6.8898783
20210119,C:\junha\Datasets\LTDv2\frames\frames\20210119\clip_5_0220\image_0028.jpg,1,-41.18794,-7.0017834
20210119,C:\junha\Datasets\LTDv2\frames\frames\20210119\clip_5_0220\image_0029.jpg,1,-37.75323,7.383473
20210119,C:\junha\Datasets\LTDv2\frames\frames\20210119\clip_5_0220\image_0030.jpg,1,-37.52392,6.9690585
20210119,C:\junha\Datasets\LTDv2\frames\frames\20210119\clip_5_0220\image_0031.jpg,1,-39.818787,1.271209
20210119,C:\junha\Datasets\LTDv2\frames\frames\20210119\clip_5_0220\image_0032.jpg,1,-39.621742,1.536016
20210119,C:\junha\Datasets\LTDv2\frames\frames\20210119\clip_5_0220\image_0033.jpg,1,-39.426502,7.051047
20210119,C:\junha\Datasets\LTDv2\frames\frames\20210119\clip_5_0220\image_0034.jpg,1,-39.46332,6.993128
20210119,C:\junha\Datasets\LTDv2\frames\frames\20210119\clip_5_0220\image_0035.jpg,1,-37.357502,4.8597827
20210119,C:\junha\Datasets\LTDv2\frames\frames\20210119\clip_5_0220\image_0036.jpg,1,-37.33006,4.798653
20210119,C:\junha\Datasets\LTDv2\frames\frames\20210119\clip_5_0220\image_0037.jpg,1,-28.774721,8.255851
20210119,C:\junha\Datasets\LTDv2\frames\frames\20210119\clip_5_0220\image_0038.jpg,1,-28.695618,8.286669
20210119,C:\junha\Datasets\LTDv2\frames\frames\20210119\clip_5_0220\image_0039.jpg,1,-40.87073,-4.1027045
20210119,C:\junha\Datasets\LTDv2\frames\frames\20210119\clip_5_0220\image_0040.jpg,1,-40.94169,-3.965786
20210119,C:\junha\Datasets\LTDv2\frames\frames\20210119\clip_5_0220\image_0041.jpg,1,-40.350536,-1.8019282
20210119,C:\junha\Datasets\LTDv2\frames\frames\20210119\clip_5_0220\image_0042.jpg,1,-40.400948,-2.0952845
20210119,C:\junha\Datasets\LTDv2\frames\frames\20210119\clip_5_0220\image_0043.jpg,1,-39.691788,-0.3823159
20210119,C:\junha\Datasets\LTDv2\frames\frames\20210119\clip_5_0220\image_0044.jpg,1,-39.473576,-0.30312943
20210119,C:\junha\Datasets\LTDv2\frames\frames\20210119\clip_5_0220\image_0045.jpg,1,-38.225506,-2.8459346
20210119,C:\junha\Datasets\LTDv2\frames\frames\20210119\clip_5_0220\image_0046.jpg,1,-38.1933,-2.6797683
20210119,C:\junha\Datasets\LTDv2\frames\frames\20210119\clip_5_0220\image_0047.jpg,1,-27.882431,-4.8996253
20210119,C:\junha\Datasets\LTDv2\frames\frames\20210119\clip_5_0220\image_0048.jpg,1,-27.806948,-4.921297
20210119,C:\junha\Datasets\LTDv2\frames\frames\20210119\clip_5_0220\image_0049.jpg,1,-34.581394,-4.5277286
20210119,C:\junha\Datasets\LTDv2\frames\frames\20210119\clip_5_0220\image_0050.jpg,1,-34.549732,-4.59311
20210119,C:\junha\Datasets\LTDv2\frames\frames\20210119\clip_5_0220\image_0051.jpg,1,-34.310272,-1.2084887
20210119,C:\junha\Datasets\LTDv2\frames\frames\20210119\clip_5_0220\image_0052.jpg,1,-34.62344,-0.9916266
20210119,C:\junha\Datasets\LTDv2\frames\frames\20210119\clip_5_0220\image_0053.jpg,1,-36.190037,-1.4921374
20210119,C:\junha\Datasets\LTDv2\frames\frames\20210119\clip_5_0220\image_0054.jpg,1,-32.38055,2.4718728
20210119,C:\junha\Datasets\LTDv2\frames\frames\20210119\clip_5_0220\image_0055.jpg,1,-29.912365,5.2859535
20210119,C:\junha\Datasets\LTDv2\frames\frames\20210119\clip_5_0220\image_0056.jpg,1,-29.498129,5.6926627
20210119,C:\junha\Datasets\LTDv2\frames\frames\20210119\clip_5_0220\image_0057.jpg,1,-28.46571,5.398486
20210119,C:\junha\Datasets\LTDv2\frames\frames\20210119\clip_5_0220\image_0058.jpg,1,-28.537447,5.100017
20210119,C:\junha\Datasets\LTDv2\frames\frames\20210119\clip_5_0220\image_0059.jpg,1,-43.309948,-0.1331057
20210119,C:\junha\Datasets\LTDv2\frames\frames\20210119\clip_5_0220\image_0060.jpg,1,-42.59282,-1.8934828
20210119,C:\junha\Datasets\LTDv2\frames\frames\20210119\clip_5_0220\image_0061.jpg,1,-35.978867,-2.0077343
20210119,C:\junha\Datasets\LTDv2\frames\frames\20210119\clip_5_0220\image_0062.jpg,1,-36.35561,-2.487873
20210119,C:\junha\Datasets\LTDv2\frames\frames\20210119\clip_5_0220\image_0063.jpg,1,-33.73829,-7.2842546
20210119,C:\junha\Datasets\LTDv2\frames\frames\20210119\clip_5_0220\image_0064.jpg,1,-34.07987,-7.2715936
20210119,C:\junha\Datasets\LTDv2\frames\frames\20210119\clip_5_0220\image_0065.jpg,1,-35.88343,1.021546
20210119,C:\junha\Datasets\LTDv2\frames\frames\20210119\clip_5_0220\image_0066.jpg,1,-36.34121,1.2673699
20210119,C:\junha\Datasets\LTDv2\frames\frames\20210119\clip_5_0220\image_0067.jpg,1,-41.454285,7.3666816
20210119,C:\junha\Datasets\LTDv2\frames\frames\20210119\clip_5_0220\image_0068.jpg,1,-41.399933,7.3036933
20210119,C:\junha\Datasets\LTDv2\frames\frames\20210119\clip_5_0220\image_0069.jpg,1,-31.570059,-5.3196645
20210119,C:\junha\Datasets\LTDv2\frames\frames\20210119\clip_5_0220\image_0070.jpg,1,-31.446964,-5.605422
20210119,C:\junha\Datasets\LTDv2\frames\frames\20210119\clip_5_0220\image_0071.jpg,1,-30.535933,-8.0500555
20210119,C:\junha\Datasets\LTDv2\frames\frames\20210119\clip_5_0220\image_0072.jpg,1,-30.57291,-8.043053
20210119,C:\junha\Datasets\LTDv2\frames\frames\20210119\clip_5_0220\image_0073.jpg,1,-34.261402,1.6316326
20210119,C:\junha\Datasets\LTDv2\frames\frames\20210119\clip_5_0220\image_0074.jpg,1,-34.098072,1.6817269
20210119,C:\junha\Datasets\LTDv2\frames\frames\20210119\clip_5_0220\image_0075.jpg,1,-45.415462,-1.5155826
20210119,C:\junha\Datasets\LTDv2\frames\frames\20210119\clip_5_0220\image_0076.jpg,1,-45.46534,-1.3294874
20210119,C:\junha\Datasets\LTDv2\frames\frames\20210119\clip_5_0220\image_0077.jpg,1,-32.640102,4.377502
20210119,C:\junha\Datasets\LTDv2\frames\frames\20210119\clip_5_0220\image_0078.jpg,1,-32.38568,4.329777
20210119,C:\junha\Datasets\LTDv2\frames\frames\20210119\clip_5_0220\image_0079.jpg,1,-33.024635,-2.1072502
20210119,C:\junha\Datasets\LTDv2\frames\frames\20210119\clip_5_0220\image_0080.jpg,1,-32.68543,-2.2276282
20210119,C:\junha\Datasets\LTDv2\frames\frames\20210119\clip_5_0220\image_0081.jpg,1,-35.4094,3.2614825
20210119,C:\junha\Datasets\LTDv2\frames\frames\20210119\clip_5_0220\image_0082.jpg,1,-36.204056,2.7172909
20210119,C:\junha\Datasets\LTDv2\frames\frames\20210119\clip_5_0220\image_0083.jpg,1,-34.453983,3.6525753
20210119,C:\junha\Datasets\LTDv2\frames\frames\20210119\clip_5_0220\image_0084.jpg,1,-33.688236,3.7206635
20210119,C:\junha\Datasets\LTDv2\frames\frames\20210119\clip_5_0220\image_0085.jpg,1,-30.220362,10.608692
20210119,C:\junha\Datasets\LTDv2\frames\frames\20210119\clip_5_0220\image_0086.jpg,1,-29.145607,12.911041
20210119,C:\junha\Datasets\LTDv2\frames\frames\20210119\clip_5_0220\image_0087.jpg,1,-4.068543,16.1865
20210119,C:\junha\Datasets\LTDv2\frames\frames\20210119\clip_5_0220\image_0088.jpg,1,-4.043089,16.2072
20210119,C:\junha\Datasets\LTDv2\frames\frames\20210119\clip_5_0220\image_0089.jpg,1,-25.389082,16.18969
20210119,C:\junha\Datasets\LTDv2\frames\frames\20210119\clip_5_0220\image_0090.jpg,1,-27.350521,6.020927
20210119,C:\junha\Datasets\LTDv2\frames\frames\20210119\clip_5_0220\image_0091.jpg,1,-21.622293,2.5226521
20210119,C:\junha\Datasets\LTDv2\frames\frames\20210119\clip_5_0220\image_0092.jpg,1,-21.620106,2.4810934
20210119,C:\junha\Datasets\LTDv2\frames\frames\20210119\clip_5_0220\image_0093.jpg,1,-27.964466,12.59963
20210119,C:\junha\Datasets\LTDv2\frames\frames\20210119\clip_5_0220\image_0094.jpg,1,-27.964602,12.783168
20210119,C:\junha\Datasets\LTDv2\frames\frames\20210119\clip_5_0220\image_0095.jpg,1,-32.054092,9.181175
20210119,C:\junha\Datasets\LTDv2\frames\frames\20210119\clip_5_0220\image_0096.jpg,1,-31.982738,9.141838
20210119,C:\junha\Datasets\LTDv2\frames\frames\20210119\clip_5_0220\image_0097.jpg,1,-31.509787,10.491565
20210119,C:\junha\Datasets\LTDv2\frames\frames\20210119\clip_5_0220\image_0098.jpg,1,-29.984587,13.043832
20210119,C:\junha\Datasets\LTDv2\frames\frames\20210119\clip_5_0220\image_0099.jpg,1,-40.405464,4.860893
20210119,C:\junha\Datasets\LTDv2\frames\frames\20210119\clip_5_0220\image_0100.jpg,1,-40.57541,4.264008
20210119,C:\junha\Datasets\LTDv2\frames\frames\20210119\clip_5_0220\image_0101.jpg,1,-31.094288,0.4086995
20210119,C:\junha\Datasets\LTDv2\frames\frames\20210119\clip_5_0220\image_0102.jpg,1,-29.51199,3.5618103
20210119,C:\junha\Datasets\LTDv2\frames\frames\20210119\clip_5_0220\image_0103.jpg,1,-37.1945,9.068834
20210119,C:\junha\Datasets\LTDv2\frames\frames\20210119\clip_5_0220\image_0104.jpg,1,-36.657764,9.144509
20210119,C:\junha\Datasets\LTDv2\frames\frames\20210119\clip_5_0220\image_0105.jpg,1,-30.909603,2.5518568
20210119,C:\junha\Datasets\LTDv2\frames\frames\20210119\clip_5_0220\image_0106.jpg,1,-31.278023,1.9025216
20210119,C:\junha\Datasets\LTDv2\frames\frames\20210119\clip_5_0220\image_0107.jpg,1,-32.41784,0.7005689
20210119,C:\junha\Datasets\LTDv2\frames\frames\20210119\clip_5_0220\image_0108.jpg,1,-31.89515,1.4023381
20210119,C:\junha\Datasets\LTDv2\frames\frames\20210119\clip_5_0220\image_0109.jpg,1,-44.00731,1.0027143
20210119,C:\junha\Datasets\LTDv2\frames\frames\20210119\clip_5_0220\image_0110.jpg,1,-38.548393,-4.712497
20210119,C:\junha\Datasets\LTDv2\frames\frames\20210119\clip_5_0220\image_0111.jpg,1,-35.511868,7.7076254
20210119,C:\junha\Datasets\LTDv2\frames\frames\20210119\clip_5_0220\image_0112.jpg,1,-35.982433,7.440434
20210119,C:\junha\Datasets\LTDv2\frames\frames\20210119\clip_5_0220\image_0113.jpg,1,-37.72748,-5.7218533
20210119,C:\junha\Datasets\LTDv2\frames\frames\20210119\clip_5_0220\image_0114.jpg,1,-37.70027,-5.693974
20210119,C:\junha\Datasets\LTDv2\frames\frames\20210119\clip_5_0220\image_0115.jpg,1,-24.792044,3.4789908
20210119,C:\junha\Datasets\LTDv2\frames\frames\20210119\clip_5_0220\image_0116.jpg,1,-24.778936,3.600343
20210119,C:\junha\Datasets\LTDv2\frames\frames\20210119\clip_5_0220\image_0117.jpg,1,-43.311794,2.9124563
20210119,C:\junha\Datasets\LTDv2\frames\frames\20210119\clip_5_0220\image_0118.jpg,1,-43.47456,2.800985
20210119,C:\junha\Datasets\LTDv2\frames\frames\20210119\clip_5_0220\image_0119.jpg,1,-32.144924,-6.878442
20210119,C:\junha\Datasets\LTDv2\frames\frames\20210119\clip_6_0248\image_0000.jpg,1,-33.45384,-30.92006
20210119,C:\junha\Datasets\LTDv2\frames\frames\20210119\clip_6_0248\image_0001.jpg,1,-33.459263,-30.824533
20210119,C:\junha\Datasets\LTDv2\frames\frames\20210119\clip_6_0248\image_0002.jpg,1,-29.770626,-27.654541
20210119,C:\junha\Datasets\LTDv2\frames\frames\20210119\clip_6_0248\image_0003.jpg,1,-30.065523,-28.229744
20210119,C:\junha\Datasets\LTDv2\frames\frames\20210119\clip_6_0248\image_0004.jpg,1,-23.53002,-26.898977
20210119,C:\junha\Datasets\LTDv2\frames\frames\20210119\clip_6_0248\image_0005.jpg,1,-23.548208,-27.084852
20210119,C:\junha\Datasets\LTDv2\frames\frames\20210119\clip_6_0248\image_0006.jpg,1,-35.022213,-25.054993
20210119,C:\junha\Datasets\LTDv2\frames\frames\20210119\clip_6_0248\image_0007.jpg,1,-34.992577,-25.012619
20210119,C:\junha\Datasets\LTDv2\frames\frames\20210119\clip_6_0248\image_0008.jpg,1,-30.148823,-25.155565
20210119,C:\junha\Datasets\LTDv2\frames\frames\20210119\clip_6_0248\image_0009.jpg,1,-33.19205,-17.820084
20210119,C:\junha\Datasets\LTDv2\frames\frames\20210119\clip_6_0248\image_0010.jpg,1,-35.672894,-22.069174
20210119,C:\junha\Datasets\LTDv2\frames\frames\20210119\clip_6_0248\image_0011.jpg,1,-35.086945,-21.782986
20210119,C:\junha\Datasets\LTDv2\frames\frames\20210119\clip_6_0248\image_0012.jpg,1,-32.129333,-22.033289
20210119,C:\junha\Datasets\LTDv2\frames\frames\20210119\clip_6_0248\image_0013.jpg,1,-32.1352,-21.618086
20210119,C:\junha\Datasets\LTDv2\frames\frames\20210119\clip_6_0248\image_0014.jpg,1,-32.70513,-16.408113
20210119,C:\junha\Datasets\LTDv2\frames\frames\20210119\clip_6_0248\image_0015.jpg,1,-32.501225,-16.2264
20210119,C:\junha\Datasets\LTDv2\frames\frames\20210119\clip_6_0248\image_0016.jpg,1,-37.128326,-20.856594
20210119,C:\junha\Datasets\LTDv2\frames\frames\20210119\clip_6_0248\image_0017.jpg,1,-37.479355,-21.128937
20210119,C:\junha\Datasets\LTDv2\frames\frames\20210119\clip_6_0248\image_0018.jpg,1,-36.86171,-19.942154
20210119,C:\junha\Datasets\LTDv2\frames\frames\20210119\clip_6_0248\image_0019.jpg,1,-38.95867,-22.049868
20210119,C:\junha\Datasets\LTDv2\frames\frames\20210119\clip_6_0248\image_0020.jpg,1,-20.765463,-21.200321
20210119,C:\junha\Datasets\LTDv2\frames\frames\20210119\clip_6_0248\image_0021.jpg,1,-21.1802,-21.31905
20210119,C:\junha\Datasets\LTDv2\frames\frames\20210119\clip_6_0248\image_0022.jpg,1,-22.09957,-20.516428
20210119,C:\junha\Datasets\LTDv2\frames\frames\20210119\clip_6_0248\image_0023.jpg,1,-22.151972,-20.85096
20210119,C:\junha\Datasets\LTDv2\frames\frames\20210119\clip_6_0248\image_0024.jpg,1,-34.28956,-27.098907
20210119,C:\junha\Datasets\LTDv2\frames\frames\20210119\clip_6_0248\image_0025.jpg,1,-34.264175,-27.148054
20210119,C:\junha\Datasets\LTDv2\frames\frames\20210119\clip_6_0248\image_0026.jpg,1,-35.965134,-27.505367
20210119,C:\junha\Datasets\LTDv2\frames\frames\20210119\clip_6_0248\image_0027.jpg,1,-35.965115,-27.682524
20210119,C:\junha\Datasets\LTDv2\frames\frames\20210119\clip_6_0248\image_0028.jpg,1,-38.46528,-23.388903
20210119,C:\junha\Datasets\LTDv2\frames\frames\20210119\clip_6_0248\image_0029.jpg,1,-38.207703,-23.096453
20210119,C:\junha\Datasets\LTDv2\frames\frames\20210119\clip_6_0248\image_0030.jpg,1,-21.05816,-25.581347
20210119,C:\junha\Datasets\LTDv2\frames\frames\20210119\clip_6_0248\image_0031.jpg,1,-20.416412,-25.790081
20210119,C:\junha\Datasets\LTDv2\frames\frames\20210119\clip_6_0248\image_0032.jpg,1,-20.81039,-23.328547
20210119,C:\junha\Datasets\LTDv2\frames\frames\20210119\clip_6_0248\image_0033.jpg,1,-20.863916,-23.451626
20210119,C:\junha\Datasets\LTDv2\frames\frames\20210119\clip_6_0248\image_0034.jpg,1,-19.647455,-22.79352
20210119,C:\junha\Datasets\LTDv2\frames\frames\20210119\clip_6_0248\image_0035.jpg,1,-20.049166,-22.525333
20210119,C:\junha\Datasets\LTDv2\frames\frames\20210119\clip_6_0248\image_0036.jpg,1,-31.15256,-12.876296
20210119,C:\junha\Datasets\LTDv2\frames\frames\20210119\clip_6_0248\image_0037.jpg,1,-31.08071,-12.88959
20210119,C:\junha\Datasets\LTDv2\frames\frames\20210119\clip_6_0248\image_0038.jpg,1,-29.706068,-26.625528
20210119,C:\junha\Datasets\LTDv2\frames\frames\20210119\clip_6_0248\image_0039.jpg,1,-33.75678,-20.86806
20210119,C:\junha\Datasets\LTDv2\frames\frames\20210119\clip_6_0248\image_0040.jpg,1,-26.78391,-17.620464
20210119,C:\junha\Datasets\LTDv2\frames\frames\20210119\clip_6_0248\image_0041.jpg,1,-27.506926,-17.84207
20210119,C:\junha\Datasets\LTDv2\frames\frames\20210119\clip_6_0248\image_0042.jpg,1,-28.66402,-18.77771
20210119,C:\junha\Datasets\LTDv2\frames\frames\20210119\clip_6_0248\image_0043.jpg,1,-28.709282,-18.627272
20210119,C:\junha\Datasets\LTDv2\frames\frames\20210119\clip_6_0248\image_0044.jpg,1,-24.959755,-20.635931
20210119,C:\junha\Datasets\LTDv2\frames\frames\20210119\clip_6_0248\image_0045.jpg,1,-25.064894,-20.566202
20210119,C:\junha\Datasets\LTDv2\frames\frames\20210119\clip_6_0248\image_0046.jpg,1,-24.322773,-21.621084
20210119,C:\junha\Datasets\LTDv2\frames\frames\20210119\clip_6_0248\image_0047.jpg,1,-23.991817,-22.083828
20210119,C:\junha\Datasets\LTDv2\frames\frames\20210119\clip_6_0248\image_0048.jpg,1,-24.806595,-22.864336
20210119,C:\junha\Datasets\LTDv2\frames\frames\20210119\clip_6_0248\image_0049.jpg,1,-37.027096,-17.763264
20210119,C:\junha\Datasets\LTDv2\frames\frames\20210119\clip_6_0248\image_0050.jpg,1,-25.92861,-27.40652
20210119,C:\junha\Datasets\LTDv2\frames\frames\20210119\clip_6_0248\image_0051.jpg,1,-26.146797,-27.885674
20210119,C:\junha\Datasets\LTDv2\frames\frames\20210119\clip_6_0248\image_0052.jpg,1,-27.830027,-25.268564
20210119,C:\junha\Datasets\LTDv2\frames\frames\20210119\clip_6_0248\image_0053.jpg,1,-27.557629,-25.49109
20210119,C:\junha\Datasets\LTDv2\frames\frames\20210119\clip_6_0248\image_0054.jpg,1,-25.723803,-29.586988
20210119,C:\junha\Datasets\LTDv2\frames\frames\20210119\clip_6_0248\image_0055.jpg,1,-25.780603,-29.42223
20210119,C:\junha\Datasets\LTDv2\frames\frames\20210119\clip_6_0248\image_0056.jpg,1,-28.418259,-27.396433
20210119,C:\junha\Datasets\LTDv2\frames\frames\20210119\clip_6_0248\image_0057.jpg,1,-28.199862,-27.715315
20210119,C:\junha\Datasets\LTDv2\frames\frames\20210119\clip_6_0248\image_0058.jpg,1,-23.673948,-23.418388
20210119,C:\junha\Datasets\LTDv2\frames\frames\20210119\clip_6_0248\image_0059.jpg,1,-23.257837,-24.229452
20210119,C:\junha\Datasets\LTDv2\frames\frames\20210119\clip_6_0248\image_0060.jpg,1,-27.571703,-13.282751
20210119,C:\junha\Datasets\LTDv2\frames\frames\20210119\clip_6_0248\image_0061.jpg,1,-27.645884,-13.304207
20210119,C:\junha\Datasets\LTDv2\frames\frames\20210119\clip_6_0248\image_0062.jpg,1,-21.270422,-15.184624
20210119,C:\junha\Datasets\LTDv2\frames\frames\20210119\clip_6_0248\image_0063.jpg,1,-21.23402,-15.201017
20210119,C:\junha\Datasets\LTDv2\frames\frames\20210119\clip_6_0248\image_0064.jpg,1,-35.698116,-11.664237
20210119,C:\junha\Datasets\LTDv2\frames\frames\20210119\clip_6_0248\image_0065.jpg,1,-35.672386,-11.774937
20210119,C:\junha\Datasets\LTDv2\frames\frames\20210119\clip_6_0248\image_0066.jpg,1,-25.211107,-25.160408
20210119,C:\junha\Datasets\LTDv2\frames\frames\20210119\clip_6_0248\image_0067.jpg,1,-24.98949,-25.011658
20210119,C:\junha\Datasets\LTDv2\frames\frames\20210119\clip_6_0248\image_0068.jpg,1,-22.438519,-22.165382
20210119,C:\junha\Datasets\LTDv2\frames\frames\20210119\clip_6_0248\image_0069.jpg,1,-29.569407,-17.664366
20210119,C:\junha\Datasets\LTDv2\frames\frames\20210119\clip_6_0248\image_0070.jpg,1,-31.088896,-20.906586
20210119,C:\junha\Datasets\LTDv2\frames\frames\20210119\clip_6_0248\image_0071.jpg,1,-30.980606,-20.201029
20210119,C:\junha\Datasets\LTDv2\frames\frames\20210119\clip_6_0248\image_0072.jpg,1,-34.397633,-23.06007
20210119,C:\junha\Datasets\LTDv2\frames\frames\20210119\clip_6_0248\image_0073.jpg,1,-34.352394,-23.104801
20210119,C:\junha\Datasets\LTDv2\frames\frames\20210119\clip_6_0248\image_0074.jpg,1,-35.570908,-19.958868
20210119,C:\junha\Datasets\LTDv2\frames\frames\20210119\clip_6_0248\image_0075.jpg,1,-35.538517,-20.240574
20210119,C:\junha\Datasets\LTDv2\frames\frames\20210119\clip_6_0248\image_0076.jpg,1,-29.864271,-15.5093975
20210119,C:\junha\Datasets\LTDv2\frames\frames\20210119\clip_6_0248\image_0077.jpg,1,-29.961079,-15.450099
20210119,C:\junha\Datasets\LTDv2\frames\frames\20210119\clip_6_0248\image_0078.jpg,1,-31.663256,-18.601627
20210119,C:\junha\Datasets\LTDv2\frames\frames\20210119\clip_6_0248\image_0079.jpg,1,-30.152418,-18.580513
20210119,C:\junha\Datasets\LTDv2\frames\frames\20210119\clip_6_0248\image_0080.jpg,1,-29.82188,-22.72678
20210119,C:\junha\Datasets\LTDv2\frames\frames\20210119\clip_6_0248\image_0081.jpg,1,-29.581667,-22.595024
20210119,C:\junha\Datasets\LTDv2\frames\frames\20210119\clip_6_0248\image_0082.jpg,1,-30.034506,-21.705013
20210119,C:\junha\Datasets\LTDv2\frames\frames\20210119\clip_6_0248\image_0083.jpg,1,-30.245398,-21.71527
20210119,C:\junha\Datasets\LTDv2\frames\frames\20210119\clip_6_0248\image_0084.jpg,1,-30.54229,-29.486197
20210119,C:\junha\Datasets\LTDv2\frames\frames\20210119\clip_6_0248\image_0085.jpg,1,-30.700863,-29.75151
20210119,C:\junha\Datasets\LTDv2\frames\frames\20210119\clip_6_0248\image_0086.jpg,1,-31.937422,-26.507938
20210119,C:\junha\Datasets\LTDv2\frames\frames\20210119\clip_6_0248\image_0087.jpg,1,-31.552757,-26.389309
20210119,C:\junha\Datasets\LTDv2\frames\frames\20210119\clip_6_0248\image_0088.jpg,1,-29.279325,-20.0986
20210119,C:\junha\Datasets\LTDv2\frames\frames\20210119\clip_6_0248\image_0089.jpg,1,-33.425358,-21.779633
20210119,C:\junha\Datasets\LTDv2\frames\frames\20210119\clip_6_0248\image_0090.jpg,1,-28.144373,-28.963293
20210119,C:\junha\Datasets\LTDv2\frames\frames\20210119\clip_6_0248\image_0091.jpg,1,-21.589474,-23.517033
20210119,C:\junha\Datasets\LTDv2\frames\frames\20210119\clip_6_0248\image_0092.jpg,1,-34.65373,-16.14251
20210119,C:\junha\Datasets\LTDv2\frames\frames\20210119\clip_6_0248\image_0093.jpg,1,-34.64954,-16.34599
20210119,C:\junha\Datasets\LTDv2\frames\frames\20210119\clip_6_0248\image_0094.jpg,1,-25.412807,-15.676578
20210119,C:\junha\Datasets\LTDv2\frames\frames\20210119\clip_6_0248\image_0095.jpg,1,-24.971952,-15.537727
20210119,C:\junha\Datasets\LTDv2\frames\frames\20210119\clip_6_0248\image_0096.jpg,1,-32.80273,-19.385729
20210119,C:\junha\Datasets\LTDv2\frames\frames\20210119\clip_6_0248\image_0097.jpg,1,-33.37196,-19.452301
20210119,C:\junha\Datasets\LTDv2\frames\frames\20210119\clip_6_0248\image_0098.jpg,1,-24.1636,-15.646481
20210119,C:\junha\Datasets\LTDv2\frames\frames\20210119\clip_6_0248\image_0099.jpg,1,-26.684408,-19.23826
20210119,C:\junha\Datasets\LTDv2\frames\frames\20210119\clip_6_0248\image_0100.jpg,1,-34.85817,-18.563812
20210119,C:\junha\Datasets\LTDv2\frames\frames\20210119\clip_6_0248\image_0101.jpg,1,-35.491814,-18.563171
20210119,C:\junha\Datasets\LTDv2\frames\frames\20210119\clip_6_0248\image_0102.jpg,1,-27.075424,-21.658955
20210119,C:\junha\Datasets\LTDv2\frames\frames\20210119\clip_6_0248\image_0103.jpg,1,-27.292803,-21.332277
20210119,C:\junha\Datasets\LTDv2\frames\frames\20210119\clip_6_0248\image_0104.jpg,1,-19.323076,-24.94035
20210119,C:\junha\Datasets\LTDv2\frames\frames\20210119\clip_6_0248\image_0105.jpg,1,-19.255043,-24.869686
20210119,C:\junha\Datasets\LTDv2\frames\frames\20210119\clip_6_0248\image_0106.jpg,1,-24.51958,-18.838484
20210119,C:\junha\Datasets\LTDv2\frames\frames\20210119\clip_6_0248\image_0107.jpg,1,-25.29483,-18.632051
20210119,C:\junha\Datasets\LTDv2\frames\frames\20210119\clip_6_0248\image_0108.jpg,1,-28.349554,-20.520964
20210119,C:\junha\Datasets\LTDv2\frames\frames\20210119\clip_6_0248\image_0109.jpg,1,-35.34395,-14.577465
20210119,C:\junha\Datasets\LTDv2\frames\frames\20210119\clip_6_0248\image_0110.jpg,1,-37.86673,-25.654222
20210119,C:\junha\Datasets\LTDv2\frames\frames\20210119\clip_6_0248\image_0111.jpg,1,-37.61494,-25.964895
20210119,C:\junha\Datasets\LTDv2\frames\frames\20210119\clip_6_0248\image_0112.jpg,1,-32.108425,-28.63592
20210119,C:\junha\Datasets\LTDv2\frames\frames\20210119\clip_6_0248\image_0113.jpg,1,-32.314743,-28.6226
20210119,C:\junha\Datasets\LTDv2\frames\frames\20210119\clip_6_0248\image_0114.jpg,1,-21.713987,-18.499311
20210119,C:\junha\Datasets\LTDv2\frames\frames\20210119\clip_6_0248\image_0115.jpg,1,-21.646101,-18.580822
20210119,C:\junha\Datasets\LTDv2\frames\frames\20210119\clip_6_0248\image_0116.jpg,1,-31.75126,-24.279684
20210119,C:\junha\Datasets\LTDv2\frames\frames\20210119\clip_6_0248\image_0117.jpg,1,-32.1809,-24.496508
20210119,C:\junha\Datasets\LTDv2\frames\frames\20210119\clip_6_0248\image_0118.jpg,1,-33.052288,-24.817005
20210119,C:\junha\Datasets\LTDv2\frames\frames\20210119\clip_6_0248\image_0119.jpg,1,-38.823833,-19.834118
